source,target,flow,year
Alabama,Alaska,392,2006
Alabama,Arizona,1304,2006
Alabama,Arkansas,1811,2006
Alabama,California,5984,2006
Alabama,Colorado,1158,2006
Alabama,Connecticut,213,2006
Alabama,Delaware,392,2006
Alabama,District of Columbia ,245,2006
Alabama,Florida,19258,2006
Alabama,Georgia,21146,2006
Alabama,Hawaii,352,2006
Alabama,Idaho,53,2006
Alabama,Illinois,4666,2006
Alabama,Indiana,3178,2006
Alabama,Iowa,893,2006
Alabama,Kansas,381,2006
Alabama,Kentucky,3267,2006
Alabama,Louisiana,10034,2006
Alabama,Maine,304,2006
Alabama,Maryland,739,2006
Alabama,Massachusetts,397,2006
Alabama,Michigan,4128,2006
Alabama,Minnesota,333,2006
Alabama,Mississippi,11325,2006
Alabama,Missouri,2271,2006
Alabama,Montana,0,2006
Alabama,Nebraska,66,2006
Alabama,Nevada,181,2006
Alabama,New Hampshire,101,2006
Alabama,New Jersey,1035,2006
Alabama,New Mexico,311,2006
Alabama,New York,3732,2006
Alabama,North Carolina,3926,2006
Alabama,North Dakota,326,2006
Alabama,Ohio,4535,2006
Alabama,Oklahoma,1757,2006
Alabama,Oregon,113,2006
Alabama,Pennsylvania,1277,2006
Alabama,Rhode Island,0,2006
Alabama,South Carolina,1679,2006
Alabama,South Dakota,53,2006
Alabama,Tennessee,8241,2006
Alabama,Texas,8457,2006
Alabama,Utah,1387,2006
Alabama,Vermont,351,2006
Alabama,Virginia,2316,2006
Alabama,Washington,1529,2006
Alabama,West Virginia,154,2006
Alabama,Wisconsin,1501,2006
Alabama,Wyoming,519,2006
Alaska,Alabama,751,2006
Alaska,Arizona,1190,2006
Alaska,Arkansas,503,2006
Alaska,California,3353,2006
Alaska,Colorado,968,2006
Alaska,Connecticut,498,2006
Alaska,Delaware,0,2006
Alaska,District of Columbia ,0,2006
Alaska,Florida,940,2006
Alaska,Georgia,1602,2006
Alaska,Hawaii,1190,2006
Alaska,Idaho,662,2006
Alaska,Illinois,349,2006
Alaska,Indiana,447,2006
Alaska,Iowa,377,2006
Alaska,Kansas,293,2006
Alaska,Kentucky,241,2006
Alaska,Louisiana,332,2006
Alaska,Maine,119,2006
Alaska,Maryland,117,2006
Alaska,Massachusetts,740,2006
Alaska,Michigan,346,2006
Alaska,Minnesota,1216,2006
Alaska,Mississippi,396,2006
Alaska,Missouri,476,2006
Alaska,Montana,729,2006
Alaska,Nebraska,1087,2006
Alaska,Nevada,1344,2006
Alaska,New Hampshire,62,2006
Alaska,New Jersey,153,2006
Alaska,New Mexico,14,2006
Alaska,New York,809,2006
Alaska,North Carolina,966,2006
Alaska,North Dakota,0,2006
Alaska,Ohio,556,2006
Alaska,Oklahoma,241,2006
Alaska,Oregon,2577,2006
Alaska,Pennsylvania,454,2006
Alaska,Rhode Island,206,2006
Alaska,South Carolina,61,2006
Alaska,South Dakota,0,2006
Alaska,Tennessee,71,2006
Alaska,Texas,2362,2006
Alaska,Utah,1483,2006
Alaska,Vermont,0,2006
Alaska,Virginia,1325,2006
Alaska,Washington,4850,2006
Alaska,West Virginia,37,2006
Alaska,Wisconsin,845,2006
Alaska,Wyoming,334,2006
Arizona,Alabama,1805,2006
Arizona,Alaska,3715,2006
Arizona,Arkansas,1163,2006
Arizona,California,85497,2006
Arizona,Colorado,7030,2006
Arizona,Connecticut,1392,2006
Arizona,Delaware,589,2006
Arizona,District of Columbia ,352,2006
Arizona,Florida,7667,2006
Arizona,Georgia,3084,2006
Arizona,Hawaii,2840,2006
Arizona,Idaho,4668,2006
Arizona,Illinois,9344,2006
Arizona,Indiana,3537,2006
Arizona,Iowa,5035,2006
Arizona,Kansas,1714,2006
Arizona,Kentucky,2744,2006
Arizona,Louisiana,2609,2006
Arizona,Maine,1430,2006
Arizona,Maryland,2763,2006
Arizona,Massachusetts,1824,2006
Arizona,Michigan,10422,2006
Arizona,Minnesota,6189,2006
Arizona,Mississippi,1068,2006
Arizona,Missouri,1583,2006
Arizona,Montana,2609,2006
Arizona,Nebraska,1991,2006
Arizona,Nevada,10495,2006
Arizona,New Hampshire,1536,2006
Arizona,New Jersey,3467,2006
Arizona,New Mexico,8583,2006
Arizona,New York,7128,2006
Arizona,North Carolina,3490,2006
Arizona,North Dakota,891,2006
Arizona,Ohio,7860,2006
Arizona,Oklahoma,2754,2006
Arizona,Oregon,7224,2006
Arizona,Pennsylvania,5623,2006
Arizona,Rhode Island,858,2006
Arizona,South Carolina,1804,2006
Arizona,South Dakota,2530,2006
Arizona,Tennessee,1776,2006
Arizona,Texas,17130,2006
Arizona,Utah,7727,2006
Arizona,Vermont,316,2006
Arizona,Virginia,3580,2006
Arizona,Washington,11774,2006
Arizona,West Virginia,52,2006
Arizona,Wisconsin,4367,2006
Arizona,Wyoming,1442,2006
Arkansas,Alabama,2678,2006
Arkansas,Alaska,751,2006
Arkansas,Arizona,4212,2006
Arkansas,California,9141,2006
Arkansas,Colorado,1766,2006
Arkansas,Connecticut,50,2006
Arkansas,Delaware,88,2006
Arkansas,District of Columbia ,324,2006
Arkansas,Florida,3666,2006
Arkansas,Georgia,1587,2006
Arkansas,Hawaii,853,2006
Arkansas,Idaho,392,2006
Arkansas,Illinois,2814,2006
Arkansas,Indiana,866,2006
Arkansas,Iowa,889,2006
Arkansas,Kansas,2030,2006
Arkansas,Kentucky,1755,2006
Arkansas,Louisiana,8216,2006
Arkansas,Maine,0,2006
Arkansas,Maryland,341,2006
Arkansas,Massachusetts,891,2006
Arkansas,Michigan,1961,2006
Arkansas,Minnesota,1838,2006
Arkansas,Mississippi,2767,2006
Arkansas,Missouri,10798,2006
Arkansas,Montana,130,2006
Arkansas,Nebraska,554,2006
Arkansas,Nevada,540,2006
Arkansas,New Hampshire,51,2006
Arkansas,New Jersey,1643,2006
Arkansas,New Mexico,1551,2006
Arkansas,New York,1546,2006
Arkansas,North Carolina,1496,2006
Arkansas,North Dakota,138,2006
Arkansas,Ohio,1706,2006
Arkansas,Oklahoma,8457,2006
Arkansas,Oregon,486,2006
Arkansas,Pennsylvania,635,2006
Arkansas,Rhode Island,0,2006
Arkansas,South Carolina,974,2006
Arkansas,South Dakota,0,2006
Arkansas,Tennessee,6862,2006
Arkansas,Texas,15022,2006
Arkansas,Utah,525,2006
Arkansas,Vermont,153,2006
Arkansas,Virginia,1157,2006
Arkansas,Washington,1107,2006
Arkansas,West Virginia,739,2006
Arkansas,Wisconsin,471,2006
Arkansas,Wyoming,84,2006
California,Alabama,4133,2006
California,Alaska,6376,2006
California,Arizona,31915,2006
California,Arkansas,3709,2006
California,Colorado,15885,2006
California,Connecticut,5596,2006
California,Delaware,1339,2006
California,District of Columbia ,2044,2006
California,Florida,27196,2006
California,Georgia,13384,2006
California,Hawaii,14421,2006
California,Idaho,6486,2006
California,Illinois,25149,2006
California,Indiana,6972,2006
California,Iowa,2380,2006
California,Kansas,5018,2006
California,Kentucky,1709,2006
California,Louisiana,10561,2006
California,Maine,2288,2006
California,Maryland,10140,2006
California,Massachusetts,13846,2006
California,Michigan,10693,2006
California,Minnesota,5647,2006
California,Mississippi,4660,2006
California,Missouri,5847,2006
California,Montana,1874,2006
California,Nebraska,2504,2006
California,Nevada,28855,2006
California,New Hampshire,1323,2006
California,New Jersey,8843,2006
California,New Mexico,4829,2006
California,New York,31703,2006
California,North Carolina,10901,2006
California,North Dakota,1934,2006
California,Ohio,13165,2006
California,Oklahoma,8025,2006
California,Oregon,25374,2006
California,Pennsylvania,11747,2006
California,Rhode Island,1664,2006
California,South Carolina,3426,2006
California,South Dakota,367,2006
California,Tennessee,6469,2006
California,Texas,49027,2006
California,Utah,9726,2006
California,Vermont,1658,2006
California,Virginia,14710,2006
California,Washington,34105,2006
California,West Virginia,530,2006
California,Wisconsin,10213,2006
California,Wyoming,1739,2006
Colorado,Alabama,1285,2006
Colorado,Alaska,1821,2006
Colorado,Arizona,13714,2006
Colorado,Arkansas,893,2006
Colorado,California,34803,2006
Colorado,Connecticut,675,2006
Colorado,Delaware,345,2006
Colorado,District of Columbia ,378,2006
Colorado,Florida,10327,2006
Colorado,Georgia,3039,2006
Colorado,Hawaii,2351,2006
Colorado,Idaho,1328,2006
Colorado,Illinois,6728,2006
Colorado,Indiana,1433,2006
Colorado,Iowa,2447,2006
Colorado,Kansas,4667,2006
Colorado,Kentucky,209,2006
Colorado,Louisiana,2246,2006
Colorado,Maine,718,2006
Colorado,Maryland,2275,2006
Colorado,Massachusetts,3951,2006
Colorado,Michigan,3531,2006
Colorado,Minnesota,3785,2006
Colorado,Mississippi,1369,2006
Colorado,Missouri,2856,2006
Colorado,Montana,1517,2006
Colorado,Nebraska,5722,2006
Colorado,Nevada,2815,2006
Colorado,New Hampshire,405,2006
Colorado,New Jersey,1650,2006
Colorado,New Mexico,5922,2006
Colorado,New York,3920,2006
Colorado,North Carolina,4152,2006
Colorado,North Dakota,590,2006
Colorado,Ohio,4921,2006
Colorado,Oklahoma,3708,2006
Colorado,Oregon,4133,2006
Colorado,Pennsylvania,3490,2006
Colorado,Rhode Island,508,2006
Colorado,South Carolina,531,2006
Colorado,South Dakota,1139,2006
Colorado,Tennessee,1057,2006
Colorado,Texas,16928,2006
Colorado,Utah,4678,2006
Colorado,Vermont,494,2006
Colorado,Virginia,4371,2006
Colorado,Washington,5839,2006
Colorado,West Virginia,155,2006
Colorado,Wisconsin,2303,2006
Colorado,Wyoming,6646,2006
Connecticut,Alabama,496,2006
Connecticut,Alaska,0,2006
Connecticut,Arizona,262,2006
Connecticut,Arkansas,0,2006
Connecticut,California,2727,2006
Connecticut,Colorado,660,2006
Connecticut,Delaware,160,2006
Connecticut,District of Columbia ,284,2006
Connecticut,Florida,6999,2006
Connecticut,Georgia,1299,2006
Connecticut,Hawaii,320,2006
Connecticut,Idaho,0,2006
Connecticut,Illinois,1607,2006
Connecticut,Indiana,236,2006
Connecticut,Iowa,113,2006
Connecticut,Kansas,301,2006
Connecticut,Kentucky,199,2006
Connecticut,Louisiana,269,2006
Connecticut,Maine,1030,2006
Connecticut,Maryland,1363,2006
Connecticut,Massachusetts,11956,2006
Connecticut,Michigan,932,2006
Connecticut,Minnesota,353,2006
Connecticut,Mississippi,0,2006
Connecticut,Missouri,485,2006
Connecticut,Montana,49,2006
Connecticut,Nebraska,487,2006
Connecticut,Nevada,55,2006
Connecticut,New Hampshire,945,2006
Connecticut,New Jersey,5064,2006
Connecticut,New Mexico,147,2006
Connecticut,New York,24838,2006
Connecticut,North Carolina,2542,2006
Connecticut,North Dakota,0,2006
Connecticut,Ohio,1941,2006
Connecticut,Oklahoma,101,2006
Connecticut,Oregon,440,2006
Connecticut,Pennsylvania,2425,2006
Connecticut,Rhode Island,3963,2006
Connecticut,South Carolina,1688,2006
Connecticut,South Dakota,41,2006
Connecticut,Tennessee,362,2006
Connecticut,Texas,3882,2006
Connecticut,Utah,654,2006
Connecticut,Vermont,1108,2006
Connecticut,Virginia,2458,2006
Connecticut,Washington,593,2006
Connecticut,West Virginia,76,2006
Connecticut,Wisconsin,160,2006
Connecticut,Wyoming,0,2006
Delaware,Alabama,0,2006
Delaware,Alaska,0,2006
Delaware,Arizona,55,2006
Delaware,Arkansas,204,2006
Delaware,California,325,2006
Delaware,Colorado,160,2006
Delaware,Connecticut,589,2006
Delaware,District of Columbia ,23,2006
Delaware,Florida,1613,2006
Delaware,Georgia,979,2006
Delaware,Hawaii,0,2006
Delaware,Idaho,0,2006
Delaware,Illinois,571,2006
Delaware,Indiana,391,2006
Delaware,Iowa,136,2006
Delaware,Kansas,0,2006
Delaware,Kentucky,99,2006
Delaware,Louisiana,136,2006
Delaware,Maine,283,2006
Delaware,Maryland,7065,2006
Delaware,Massachusetts,301,2006
Delaware,Michigan,211,2006
Delaware,Minnesota,0,2006
Delaware,Mississippi,375,2006
Delaware,Missouri,239,2006
Delaware,Montana,0,2006
Delaware,Nebraska,28,2006
Delaware,Nevada,53,2006
Delaware,New Hampshire,87,2006
Delaware,New Jersey,5245,2006
Delaware,New Mexico,0,2006
Delaware,New York,1523,2006
Delaware,North Carolina,614,2006
Delaware,North Dakota,0,2006
Delaware,Ohio,291,2006
Delaware,Oklahoma,0,2006
Delaware,Oregon,54,2006
Delaware,Pennsylvania,7588,2006
Delaware,Rhode Island,413,2006
Delaware,South Carolina,135,2006
Delaware,South Dakota,0,2006
Delaware,Tennessee,176,2006
Delaware,Texas,292,2006
Delaware,Utah,70,2006
Delaware,Vermont,0,2006
Delaware,Virginia,893,2006
Delaware,Washington,207,2006
Delaware,West Virginia,203,2006
Delaware,Wisconsin,0,2006
Delaware,Wyoming,0,2006
District of Columbia ,Alabama,0,2006
District of Columbia ,Alaska,288,2006
District of Columbia ,Arizona,225,2006
District of Columbia ,Arkansas,174,2006
District of Columbia ,California,2672,2006
District of Columbia ,Colorado,135,2006
District of Columbia ,Connecticut,1033,2006
District of Columbia ,Delaware,2474,2006
District of Columbia ,Florida,892,2006
District of Columbia ,Georgia,921,2006
District of Columbia ,Hawaii,123,2006
District of Columbia ,Idaho,130,2006
District of Columbia ,Illinois,1796,2006
District of Columbia ,Indiana,627,2006
District of Columbia ,Iowa,117,2006
District of Columbia ,Kansas,359,2006
District of Columbia ,Kentucky,536,2006
District of Columbia ,Louisiana,274,2006
District of Columbia ,Maine,113,2006
District of Columbia ,Maryland,10842,2006
District of Columbia ,Massachusetts,755,2006
District of Columbia ,Michigan,719,2006
District of Columbia ,Minnesota,68,2006
District of Columbia ,Mississippi,440,2006
District of Columbia ,Missouri,276,2006
District of Columbia ,Montana,27,2006
District of Columbia ,Nebraska,0,2006
District of Columbia ,Nevada,49,2006
District of Columbia ,New Hampshire,265,2006
District of Columbia ,New Jersey,784,2006
District of Columbia ,New Mexico,181,2006
District of Columbia ,New York,4831,2006
District of Columbia ,North Carolina,1730,2006
District of Columbia ,North Dakota,0,2006
District of Columbia ,Ohio,1169,2006
District of Columbia ,Oklahoma,154,2006
District of Columbia ,Oregon,154,2006
District of Columbia ,Pennsylvania,2918,2006
District of Columbia ,Rhode Island,189,2006
District of Columbia ,South Carolina,502,2006
District of Columbia ,South Dakota,0,2006
District of Columbia ,Tennessee,50,2006
District of Columbia ,Texas,2015,2006
District of Columbia ,Utah,201,2006
District of Columbia ,Vermont,0,2006
District of Columbia ,Virginia,6737,2006
District of Columbia ,Washington,464,2006
District of Columbia ,West Virginia,205,2006
District of Columbia ,Wisconsin,266,2006
District of Columbia ,Wyoming,0,2006
Florida,Alabama,13015,2006
Florida,Alaska,4995,2006
Florida,Arizona,6030,2006
Florida,Arkansas,3232,2006
Florida,California,27658,2006
Florida,Colorado,9275,2006
Florida,Connecticut,13989,2006
Florida,Delaware,1685,2006
Florida,District of Columbia ,1340,2006
Florida,Georgia,34679,2006
Florida,Hawaii,4274,2006
Florida,Idaho,1358,2006
Florida,Illinois,26188,2006
Florida,Indiana,13454,2006
Florida,Iowa,2818,2006
Florida,Kansas,2274,2006
Florida,Kentucky,8999,2006
Florida,Louisiana,15995,2006
Florida,Maine,5652,2006
Florida,Maryland,14340,2006
Florida,Massachusetts,27188,2006
Florida,Michigan,30983,2006
Florida,Minnesota,3950,2006
Florida,Mississippi,13291,2006
Florida,Missouri,8085,2006
Florida,Montana,713,2006
Florida,Nebraska,1390,2006
Florida,Nevada,4163,2006
Florida,New Hampshire,3284,2006
Florida,New Jersey,36055,2006
Florida,New Mexico,2131,2006
Florida,New York,87576,2006
Florida,North Carolina,23862,2006
Florida,North Dakota,402,2006
Florida,Ohio,21113,2006
Florida,Oklahoma,1783,2006
Florida,Oregon,2323,2006
Florida,Pennsylvania,21007,2006
Florida,Rhode Island,2071,2006
Florida,South Carolina,9728,2006
Florida,South Dakota,422,2006
Florida,Tennessee,12387,2006
Florida,Texas,30708,2006
Florida,Utah,2250,2006
Florida,Vermont,2404,2006
Florida,Virginia,19783,2006
Florida,Washington,5452,2006
Florida,West Virginia,3592,2006
Florida,Wisconsin,9286,2006
Florida,Wyoming,389,2006
Georgia,Alabama,14873,2006
Georgia,Alaska,2232,2006
Georgia,Arizona,5024,2006
Georgia,Arkansas,2851,2006
Georgia,California,24662,2006
Georgia,Colorado,3450,2006
Georgia,Connecticut,5580,2006
Georgia,Delaware,2081,2006
Georgia,District of Columbia ,1860,2006
Georgia,Florida,75182,2006
Georgia,Hawaii,1120,2006
Georgia,Idaho,457,2006
Georgia,Illinois,13676,2006
Georgia,Indiana,6948,2006
Georgia,Iowa,2568,2006
Georgia,Kansas,1862,2006
Georgia,Kentucky,4506,2006
Georgia,Louisiana,19472,2006
Georgia,Maine,1269,2006
Georgia,Maryland,6731,2006
Georgia,Massachusetts,5068,2006
Georgia,Michigan,5167,2006
Georgia,Minnesota,2945,2006
Georgia,Mississippi,5336,2006
Georgia,Missouri,5232,2006
Georgia,Montana,1159,2006
Georgia,Nebraska,1547,2006
Georgia,Nevada,2120,2006
Georgia,New Hampshire,845,2006
Georgia,New Jersey,9684,2006
Georgia,New Mexico,337,2006
Georgia,New York,26759,2006
Georgia,North Carolina,17226,2006
Georgia,North Dakota,295,2006
Georgia,Ohio,8254,2006
Georgia,Oklahoma,3337,2006
Georgia,Oregon,1198,2006
Georgia,Pennsylvania,8690,2006
Georgia,Rhode Island,778,2006
Georgia,South Carolina,16774,2006
Georgia,South Dakota,634,2006
Georgia,Tennessee,14737,2006
Georgia,Texas,16121,2006
Georgia,Utah,711,2006
Georgia,Vermont,542,2006
Georgia,Virginia,12772,2006
Georgia,Washington,3886,2006
Georgia,West Virginia,3206,2006
Georgia,Wisconsin,4028,2006
Georgia,Wyoming,380,2006
Hawaii,Alabama,332,2006
Hawaii,Alaska,2906,2006
Hawaii,Arizona,1718,2006
Hawaii,Arkansas,0,2006
Hawaii,California,14459,2006
Hawaii,Colorado,2254,2006
Hawaii,Connecticut,627,2006
Hawaii,Delaware,0,2006
Hawaii,District of Columbia ,262,2006
Hawaii,Florida,2456,2006
Hawaii,Georgia,2250,2006
Hawaii,Idaho,0,2006
Hawaii,Illinois,1996,2006
Hawaii,Indiana,351,2006
Hawaii,Iowa,148,2006
Hawaii,Kansas,496,2006
Hawaii,Kentucky,705,2006
Hawaii,Louisiana,238,2006
Hawaii,Maine,443,2006
Hawaii,Maryland,459,2006
Hawaii,Massachusetts,506,2006
Hawaii,Michigan,193,2006
Hawaii,Minnesota,529,2006
Hawaii,Mississippi,251,2006
Hawaii,Missouri,284,2006
Hawaii,Montana,461,2006
Hawaii,Nebraska,46,2006
Hawaii,Nevada,1383,2006
Hawaii,New Hampshire,500,2006
Hawaii,New Jersey,745,2006
Hawaii,New Mexico,989,2006
Hawaii,New York,2654,2006
Hawaii,North Carolina,1785,2006
Hawaii,North Dakota,0,2006
Hawaii,Ohio,674,2006
Hawaii,Oklahoma,744,2006
Hawaii,Oregon,1487,2006
Hawaii,Pennsylvania,1956,2006
Hawaii,Rhode Island,425,2006
Hawaii,South Carolina,560,2006
Hawaii,South Dakota,201,2006
Hawaii,Tennessee,666,2006
Hawaii,Texas,4405,2006
Hawaii,Utah,288,2006
Hawaii,Vermont,0,2006
Hawaii,Virginia,3423,2006
Hawaii,Washington,3212,2006
Hawaii,West Virginia,0,2006
Hawaii,Wisconsin,257,2006
Hawaii,Wyoming,101,2006
Idaho,Alabama,170,2006
Idaho,Alaska,995,2006
Idaho,Arizona,3178,2006
Idaho,Arkansas,225,2006
Idaho,California,13537,2006
Idaho,Colorado,3428,2006
Idaho,Connecticut,58,2006
Idaho,Delaware,0,2006
Idaho,District of Columbia ,226,2006
Idaho,Florida,1428,2006
Idaho,Georgia,111,2006
Idaho,Hawaii,786,2006
Idaho,Illinois,607,2006
Idaho,Indiana,86,2006
Idaho,Iowa,2416,2006
Idaho,Kansas,582,2006
Idaho,Kentucky,382,2006
Idaho,Louisiana,93,2006
Idaho,Maine,83,2006
Idaho,Maryland,177,2006
Idaho,Massachusetts,0,2006
Idaho,Michigan,488,2006
Idaho,Minnesota,875,2006
Idaho,Mississippi,483,2006
Idaho,Missouri,807,2006
Idaho,Montana,3386,2006
Idaho,Nebraska,162,2006
Idaho,Nevada,3058,2006
Idaho,New Hampshire,471,2006
Idaho,New Jersey,0,2006
Idaho,New Mexico,203,2006
Idaho,New York,273,2006
Idaho,North Carolina,273,2006
Idaho,North Dakota,247,2006
Idaho,Ohio,1356,2006
Idaho,Oklahoma,337,2006
Idaho,Oregon,7136,2006
Idaho,Pennsylvania,585,2006
Idaho,Rhode Island,6,2006
Idaho,South Carolina,39,2006
Idaho,South Dakota,837,2006
Idaho,Tennessee,491,2006
Idaho,Texas,5042,2006
Idaho,Utah,5921,2006
Idaho,Vermont,0,2006
Idaho,Virginia,952,2006
Idaho,Washington,12195,2006
Idaho,West Virginia,70,2006
Idaho,Wisconsin,319,2006
Idaho,Wyoming,1047,2006
Illinois,Alabama,1286,2006
Illinois,Alaska,1742,2006
Illinois,Arizona,5924,2006
Illinois,Arkansas,2309,2006
Illinois,California,15322,2006
Illinois,Colorado,5901,2006
Illinois,Connecticut,2771,2006
Illinois,Delaware,460,2006
Illinois,District of Columbia ,1596,2006
Illinois,Florida,17271,2006
Illinois,Georgia,3854,2006
Illinois,Hawaii,1609,2006
Illinois,Idaho,2069,2006
Illinois,Indiana,20749,2006
Illinois,Iowa,7544,2006
Illinois,Kansas,3225,2006
Illinois,Kentucky,4288,2006
Illinois,Louisiana,2956,2006
Illinois,Maine,308,2006
Illinois,Maryland,2936,2006
Illinois,Massachusetts,2317,2006
Illinois,Michigan,14740,2006
Illinois,Minnesota,5186,2006
Illinois,Mississippi,2390,2006
Illinois,Missouri,17787,2006
Illinois,Montana,265,2006
Illinois,Nebraska,1624,2006
Illinois,Nevada,2075,2006
Illinois,New Hampshire,297,2006
Illinois,New Jersey,3058,2006
Illinois,New Mexico,865,2006
Illinois,New York,7523,2006
Illinois,North Carolina,4031,2006
Illinois,North Dakota,324,2006
Illinois,Ohio,7612,2006
Illinois,Oklahoma,1104,2006
Illinois,Oregon,1709,2006
Illinois,Pennsylvania,4369,2006
Illinois,Rhode Island,423,2006
Illinois,South Carolina,2620,2006
Illinois,South Dakota,372,2006
Illinois,Tennessee,5164,2006
Illinois,Texas,14431,2006
Illinois,Utah,723,2006
Illinois,Vermont,546,2006
Illinois,Virginia,6401,2006
Illinois,Washington,5358,2006
Illinois,West Virginia,637,2006
Illinois,Wisconsin,16802,2006
Illinois,Wyoming,37,2006
Indiana,Alabama,1551,2006
Indiana,Alaska,130,2006
Indiana,Arizona,2434,2006
Indiana,Arkansas,1201,2006
Indiana,California,7374,2006
Indiana,Colorado,1277,2006
Indiana,Connecticut,967,2006
Indiana,Delaware,180,2006
Indiana,District of Columbia ,0,2006
Indiana,Florida,10469,2006
Indiana,Georgia,4010,2006
Indiana,Hawaii,559,2006
Indiana,Idaho,363,2006
Indiana,Illinois,34027,2006
Indiana,Iowa,1679,2006
Indiana,Kansas,881,2006
Indiana,Kentucky,11572,2006
Indiana,Louisiana,2506,2006
Indiana,Maine,0,2006
Indiana,Maryland,1417,2006
Indiana,Massachusetts,955,2006
Indiana,Michigan,14603,2006
Indiana,Minnesota,997,2006
Indiana,Mississippi,1365,2006
Indiana,Missouri,3904,2006
Indiana,Montana,417,2006
Indiana,Nebraska,985,2006
Indiana,Nevada,716,2006
Indiana,New Hampshire,145,2006
Indiana,New Jersey,921,2006
Indiana,New Mexico,420,2006
Indiana,New York,3166,2006
Indiana,North Carolina,4265,2006
Indiana,North Dakota,139,2006
Indiana,Ohio,12861,2006
Indiana,Oklahoma,749,2006
Indiana,Oregon,671,2006
Indiana,Pennsylvania,2764,2006
Indiana,Rhode Island,0,2006
Indiana,South Carolina,1420,2006
Indiana,South Dakota,255,2006
Indiana,Tennessee,3725,2006
Indiana,Texas,10493,2006
Indiana,Utah,2951,2006
Indiana,Vermont,62,2006
Indiana,Virginia,2400,2006
Indiana,Washington,2066,2006
Indiana,West Virginia,699,2006
Indiana,Wisconsin,4237,2006
Indiana,Wyoming,62,2006
Iowa,Alabama,740,2006
Iowa,Alaska,109,2006
Iowa,Arizona,1702,2006
Iowa,Arkansas,675,2006
Iowa,California,6764,2006
Iowa,Colorado,1893,2006
Iowa,Connecticut,248,2006
Iowa,Delaware,153,2006
Iowa,District of Columbia ,65,2006
Iowa,Florida,2483,2006
Iowa,Georgia,503,2006
Iowa,Hawaii,65,2006
Iowa,Idaho,328,2006
Iowa,Illinois,12255,2006
Iowa,Indiana,2862,2006
Iowa,Kansas,3075,2006
Iowa,Kentucky,151,2006
Iowa,Louisiana,1299,2006
Iowa,Maine,179,2006
Iowa,Maryland,675,2006
Iowa,Massachusetts,129,2006
Iowa,Michigan,2595,2006
Iowa,Minnesota,7368,2006
Iowa,Mississippi,832,2006
Iowa,Missouri,6410,2006
Iowa,Montana,95,2006
Iowa,Nebraska,8648,2006
Iowa,Nevada,1013,2006
Iowa,New Hampshire,47,2006
Iowa,New Jersey,106,2006
Iowa,New Mexico,563,2006
Iowa,New York,686,2006
Iowa,North Carolina,838,2006
Iowa,North Dakota,390,2006
Iowa,Ohio,1869,2006
Iowa,Oklahoma,1040,2006
Iowa,Oregon,1557,2006
Iowa,Pennsylvania,560,2006
Iowa,Rhode Island,0,2006
Iowa,South Carolina,327,2006
Iowa,South Dakota,2330,2006
Iowa,Tennessee,806,2006
Iowa,Texas,4997,2006
Iowa,Utah,841,2006
Iowa,Vermont,0,2006
Iowa,Virginia,1289,2006
Iowa,Washington,676,2006
Iowa,West Virginia,133,2006
Iowa,Wisconsin,3953,2006
Iowa,Wyoming,502,2006
Kansas,Alabama,938,2006
Kansas,Alaska,412,2006
Kansas,Arizona,1695,2006
Kansas,Arkansas,2495,2006
Kansas,California,8150,2006
Kansas,Colorado,6752,2006
Kansas,Connecticut,190,2006
Kansas,Delaware,779,2006
Kansas,District of Columbia ,96,2006
Kansas,Florida,2290,2006
Kansas,Georgia,3130,2006
Kansas,Hawaii,237,2006
Kansas,Idaho,43,2006
Kansas,Illinois,2374,2006
Kansas,Indiana,994,2006
Kansas,Iowa,2515,2006
Kansas,Kentucky,1289,2006
Kansas,Louisiana,1425,2006
Kansas,Maine,190,2006
Kansas,Maryland,462,2006
Kansas,Massachusetts,402,2006
Kansas,Michigan,741,2006
Kansas,Minnesota,1136,2006
Kansas,Mississippi,676,2006
Kansas,Missouri,27468,2006
Kansas,Montana,570,2006
Kansas,Nebraska,3533,2006
Kansas,Nevada,869,2006
Kansas,New Hampshire,59,2006
Kansas,New Jersey,1174,2006
Kansas,New Mexico,1940,2006
Kansas,New York,3103,2006
Kansas,North Carolina,1933,2006
Kansas,North Dakota,39,2006
Kansas,Ohio,2141,2006
Kansas,Oklahoma,6631,2006
Kansas,Oregon,508,2006
Kansas,Pennsylvania,621,2006
Kansas,Rhode Island,0,2006
Kansas,South Carolina,1296,2006
Kansas,South Dakota,837,2006
Kansas,Tennessee,2291,2006
Kansas,Texas,8762,2006
Kansas,Utah,1272,2006
Kansas,Vermont,22,2006
Kansas,Virginia,1594,2006
Kansas,Washington,805,2006
Kansas,West Virginia,181,2006
Kansas,Wisconsin,493,2006
Kansas,Wyoming,374,2006
Kentucky,Alabama,3863,2006
Kentucky,Alaska,187,2006
Kentucky,Arizona,1049,2006
Kentucky,Arkansas,1076,2006
Kentucky,California,5461,2006
Kentucky,Colorado,1917,2006
Kentucky,Connecticut,265,2006
Kentucky,Delaware,38,2006
Kentucky,District of Columbia ,174,2006
Kentucky,Florida,10918,2006
Kentucky,Georgia,5249,2006
Kentucky,Hawaii,859,2006
Kentucky,Idaho,265,2006
Kentucky,Illinois,5748,2006
Kentucky,Indiana,12264,2006
Kentucky,Iowa,1386,2006
Kentucky,Kansas,578,2006
Kentucky,Louisiana,982,2006
Kentucky,Maine,512,2006
Kentucky,Maryland,3187,2006
Kentucky,Massachusetts,772,2006
Kentucky,Michigan,4360,2006
Kentucky,Minnesota,610,2006
Kentucky,Mississippi,653,2006
Kentucky,Missouri,3628,2006
Kentucky,Montana,93,2006
Kentucky,Nebraska,321,2006
Kentucky,Nevada,940,2006
Kentucky,New Hampshire,57,2006
Kentucky,New Jersey,463,2006
Kentucky,New Mexico,130,2006
Kentucky,New York,2574,2006
Kentucky,North Carolina,3836,2006
Kentucky,North Dakota,0,2006
Kentucky,Ohio,15158,2006
Kentucky,Oklahoma,1163,2006
Kentucky,Oregon,120,2006
Kentucky,Pennsylvania,1479,2006
Kentucky,Rhode Island,100,2006
Kentucky,South Carolina,915,2006
Kentucky,South Dakota,97,2006
Kentucky,Tennessee,13581,2006
Kentucky,Texas,6361,2006
Kentucky,Utah,464,2006
Kentucky,Vermont,128,2006
Kentucky,Virginia,4204,2006
Kentucky,Washington,868,2006
Kentucky,West Virginia,2415,2006
Kentucky,Wisconsin,708,2006
Kentucky,Wyoming,78,2006
Louisiana,Alabama,2581,2006
Louisiana,Alaska,152,2006
Louisiana,Arizona,235,2006
Louisiana,Arkansas,2486,2006
Louisiana,California,5286,2006
Louisiana,Colorado,1108,2006
Louisiana,Connecticut,1047,2006
Louisiana,Delaware,466,2006
Louisiana,District of Columbia ,531,2006
Louisiana,Florida,4853,2006
Louisiana,Georgia,4444,2006
Louisiana,Hawaii,930,2006
Louisiana,Idaho,313,2006
Louisiana,Illinois,1473,2006
Louisiana,Indiana,889,2006
Louisiana,Iowa,1400,2006
Louisiana,Kansas,174,2006
Louisiana,Kentucky,1219,2006
Louisiana,Maine,64,2006
Louisiana,Maryland,2264,2006
Louisiana,Massachusetts,237,2006
Louisiana,Michigan,2081,2006
Louisiana,Minnesota,477,2006
Louisiana,Mississippi,11108,2006
Louisiana,Missouri,2287,2006
Louisiana,Montana,268,2006
Louisiana,Nebraska,281,2006
Louisiana,Nevada,735,2006
Louisiana,New Hampshire,62,2006
Louisiana,New Jersey,203,2006
Louisiana,New Mexico,563,2006
Louisiana,New York,1921,2006
Louisiana,North Carolina,1586,2006
Louisiana,North Dakota,0,2006
Louisiana,Ohio,1513,2006
Louisiana,Oklahoma,1455,2006
Louisiana,Oregon,612,2006
Louisiana,Pennsylvania,1096,2006
Louisiana,Rhode Island,78,2006
Louisiana,South Carolina,1819,2006
Louisiana,South Dakota,46,2006
Louisiana,Tennessee,1416,2006
Louisiana,Texas,30477,2006
Louisiana,Utah,452,2006
Louisiana,Vermont,0,2006
Louisiana,Virginia,1538,2006
Louisiana,Washington,546,2006
Louisiana,West Virginia,72,2006
Louisiana,Wisconsin,510,2006
Louisiana,Wyoming,587,2006
Maine,Alabama,80,2006
Maine,Alaska,220,2006
Maine,Arizona,164,2006
Maine,Arkansas,38,2006
Maine,California,1123,2006
Maine,Colorado,403,2006
Maine,Connecticut,3181,2006
Maine,Delaware,0,2006
Maine,District of Columbia ,0,2006
Maine,Florida,4621,2006
Maine,Georgia,0,2006
Maine,Hawaii,115,2006
Maine,Idaho,0,2006
Maine,Illinois,50,2006
Maine,Indiana,351,2006
Maine,Iowa,0,2006
Maine,Kansas,56,2006
Maine,Kentucky,51,2006
Maine,Louisiana,314,2006
Maine,Maryland,391,2006
Maine,Massachusetts,7107,2006
Maine,Michigan,996,2006
Maine,Minnesota,168,2006
Maine,Mississippi,152,2006
Maine,Missouri,0,2006
Maine,Montana,0,2006
Maine,Nebraska,0,2006
Maine,Nevada,0,2006
Maine,New Hampshire,4271,2006
Maine,New Jersey,1069,2006
Maine,New Mexico,126,2006
Maine,New York,2829,2006
Maine,North Carolina,667,2006
Maine,North Dakota,30,2006
Maine,Ohio,1720,2006
Maine,Oklahoma,14,2006
Maine,Oregon,170,2006
Maine,Pennsylvania,1188,2006
Maine,Rhode Island,612,2006
Maine,South Carolina,239,2006
Maine,South Dakota,41,2006
Maine,Tennessee,481,2006
Maine,Texas,1647,2006
Maine,Utah,35,2006
Maine,Vermont,522,2006
Maine,Virginia,1962,2006
Maine,Washington,75,2006
Maine,West Virginia,95,2006
Maine,Wisconsin,172,2006
Maine,Wyoming,124,2006
Maryland,Alabama,1486,2006
Maryland,Alaska,183,2006
Maryland,Arizona,1504,2006
Maryland,Arkansas,116,2006
Maryland,California,10194,2006
Maryland,Colorado,1913,2006
Maryland,Connecticut,3683,2006
Maryland,Delaware,4622,2006
Maryland,District of Columbia ,22286,2006
Maryland,Florida,7965,2006
Maryland,Georgia,3797,2006
Maryland,Hawaii,1627,2006
Maryland,Idaho,222,2006
Maryland,Illinois,2655,2006
Maryland,Indiana,1206,2006
Maryland,Iowa,283,2006
Maryland,Kansas,189,2006
Maryland,Kentucky,1167,2006
Maryland,Louisiana,3975,2006
Maryland,Maine,477,2006
Maryland,Massachusetts,3214,2006
Maryland,Michigan,3159,2006
Maryland,Minnesota,574,2006
Maryland,Mississippi,1417,2006
Maryland,Missouri,1707,2006
Maryland,Montana,179,2006
Maryland,Nebraska,114,2006
Maryland,Nevada,1605,2006
Maryland,New Hampshire,1395,2006
Maryland,New Jersey,8935,2006
Maryland,New Mexico,366,2006
Maryland,New York,15819,2006
Maryland,North Carolina,7270,2006
Maryland,North Dakota,48,2006
Maryland,Ohio,4245,2006
Maryland,Oklahoma,305,2006
Maryland,Oregon,829,2006
Maryland,Pennsylvania,14470,2006
Maryland,Rhode Island,1092,2006
Maryland,South Carolina,4113,2006
Maryland,South Dakota,0,2006
Maryland,Tennessee,808,2006
Maryland,Texas,10054,2006
Maryland,Utah,1554,2006
Maryland,Vermont,643,2006
Maryland,Virginia,22977,2006
Maryland,Washington,937,2006
Maryland,West Virginia,2719,2006
Maryland,Wisconsin,621,2006
Maryland,Wyoming,0,2006
Massachusetts,Alabama,364,2006
Massachusetts,Alaska,1531,2006
Massachusetts,Arizona,1404,2006
Massachusetts,Arkansas,443,2006
Massachusetts,California,11605,2006
Massachusetts,Colorado,2711,2006
Massachusetts,Connecticut,13185,2006
Massachusetts,Delaware,104,2006
Massachusetts,District of Columbia ,1030,2006
Massachusetts,Florida,9685,2006
Massachusetts,Georgia,2160,2006
Massachusetts,Hawaii,316,2006
Massachusetts,Idaho,186,2006
Massachusetts,Illinois,4220,2006
Massachusetts,Indiana,1680,2006
Massachusetts,Iowa,501,2006
Massachusetts,Kansas,125,2006
Massachusetts,Kentucky,420,2006
Massachusetts,Louisiana,1564,2006
Massachusetts,Maine,4438,2006
Massachusetts,Maryland,2574,2006
Massachusetts,Michigan,2065,2006
Massachusetts,Minnesota,1544,2006
Massachusetts,Mississippi,52,2006
Massachusetts,Missouri,1306,2006
Massachusetts,Montana,164,2006
Massachusetts,Nebraska,337,2006
Massachusetts,Nevada,812,2006
Massachusetts,New Hampshire,9209,2006
Massachusetts,New Jersey,7841,2006
Massachusetts,New Mexico,576,2006
Massachusetts,New York,19563,2006
Massachusetts,North Carolina,2883,2006
Massachusetts,North Dakota,131,2006
Massachusetts,Ohio,2395,2006
Massachusetts,Oklahoma,665,2006
Massachusetts,Oregon,737,2006
Massachusetts,Pennsylvania,5515,2006
Massachusetts,Rhode Island,8885,2006
Massachusetts,South Carolina,1371,2006
Massachusetts,South Dakota,54,2006
Massachusetts,Tennessee,1636,2006
Massachusetts,Texas,3393,2006
Massachusetts,Utah,253,2006
Massachusetts,Vermont,2091,2006
Massachusetts,Virginia,3533,2006
Massachusetts,Washington,1990,2006
Massachusetts,West Virginia,345,2006
Massachusetts,Wisconsin,1545,2006
Massachusetts,Wyoming,105,2006
Michigan,Alabama,2181,2006
Michigan,Alaska,1363,2006
Michigan,Arizona,2602,2006
Michigan,Arkansas,1313,2006
Michigan,California,9623,2006
Michigan,Colorado,2812,2006
Michigan,Connecticut,733,2006
Michigan,Delaware,96,2006
Michigan,District of Columbia ,152,2006
Michigan,Florida,13738,2006
Michigan,Georgia,3718,2006
Michigan,Hawaii,499,2006
Michigan,Idaho,508,2006
Michigan,Illinois,12623,2006
Michigan,Indiana,7867,2006
Michigan,Iowa,1537,2006
Michigan,Kansas,2133,2006
Michigan,Kentucky,2992,2006
Michigan,Louisiana,1784,2006
Michigan,Maine,510,2006
Michigan,Maryland,606,2006
Michigan,Massachusetts,2243,2006
Michigan,Minnesota,2068,2006
Michigan,Mississippi,1719,2006
Michigan,Missouri,2101,2006
Michigan,Montana,286,2006
Michigan,Nebraska,1108,2006
Michigan,Nevada,2834,2006
Michigan,New Hampshire,227,2006
Michigan,New Jersey,2006,2006
Michigan,New Mexico,388,2006
Michigan,New York,4739,2006
Michigan,North Carolina,3518,2006
Michigan,North Dakota,261,2006
Michigan,Ohio,12493,2006
Michigan,Oklahoma,1092,2006
Michigan,Oregon,1009,2006
Michigan,Pennsylvania,3792,2006
Michigan,Rhode Island,223,2006
Michigan,South Carolina,2090,2006
Michigan,South Dakota,122,2006
Michigan,Tennessee,4260,2006
Michigan,Texas,9667,2006
Michigan,Utah,724,2006
Michigan,Vermont,624,2006
Michigan,Virginia,3526,2006
Michigan,Washington,1983,2006
Michigan,West Virginia,128,2006
Michigan,Wisconsin,3723,2006
Michigan,Wyoming,424,2006
Minnesota,Alabama,249,2006
Minnesota,Alaska,1241,2006
Minnesota,Arizona,3315,2006
Minnesota,Arkansas,166,2006
Minnesota,California,9997,2006
Minnesota,Colorado,2698,2006
Minnesota,Connecticut,1119,2006
Minnesota,Delaware,37,2006
Minnesota,District of Columbia ,87,2006
Minnesota,Florida,3979,2006
Minnesota,Georgia,1428,2006
Minnesota,Hawaii,515,2006
Minnesota,Idaho,220,2006
Minnesota,Illinois,9964,2006
Minnesota,Indiana,2606,2006
Minnesota,Iowa,5317,2006
Minnesota,Kansas,1226,2006
Minnesota,Kentucky,318,2006
Minnesota,Louisiana,2087,2006
Minnesota,Maine,61,2006
Minnesota,Maryland,774,2006
Minnesota,Massachusetts,1419,2006
Minnesota,Michigan,2043,2006
Minnesota,Mississippi,224,2006
Minnesota,Missouri,3327,2006
Minnesota,Montana,1208,2006
Minnesota,Nebraska,1414,2006
Minnesota,Nevada,2132,2006
Minnesota,New Hampshire,66,2006
Minnesota,New Jersey,569,2006
Minnesota,New Mexico,668,2006
Minnesota,New York,2496,2006
Minnesota,North Carolina,1245,2006
Minnesota,North Dakota,7567,2006
Minnesota,Ohio,2455,2006
Minnesota,Oklahoma,525,2006
Minnesota,Oregon,538,2006
Minnesota,Pennsylvania,1451,2006
Minnesota,Rhode Island,463,2006
Minnesota,South Carolina,667,2006
Minnesota,South Dakota,3245,2006
Minnesota,Tennessee,1011,2006
Minnesota,Texas,6863,2006
Minnesota,Utah,923,2006
Minnesota,Vermont,271,2006
Minnesota,Virginia,1468,2006
Minnesota,Washington,2352,2006
Minnesota,West Virginia,80,2006
Minnesota,Wisconsin,16941,2006
Minnesota,Wyoming,302,2006
Mississippi,Alabama,5924,2006
Mississippi,Alaska,77,2006
Mississippi,Arizona,659,2006
Mississippi,Arkansas,2508,2006
Mississippi,California,2747,2006
Mississippi,Colorado,616,2006
Mississippi,Connecticut,149,2006
Mississippi,Delaware,13,2006
Mississippi,District of Columbia ,149,2006
Mississippi,Florida,4217,2006
Mississippi,Georgia,3082,2006
Mississippi,Hawaii,178,2006
Mississippi,Idaho,0,2006
Mississippi,Illinois,3095,2006
Mississippi,Indiana,1829,2006
Mississippi,Iowa,308,2006
Mississippi,Kansas,351,2006
Mississippi,Kentucky,127,2006
Mississippi,Louisiana,19184,2006
Mississippi,Maine,68,2006
Mississippi,Maryland,767,2006
Mississippi,Massachusetts,13,2006
Mississippi,Michigan,2142,2006
Mississippi,Minnesota,105,2006
Mississippi,Missouri,2162,2006
Mississippi,Montana,0,2006
Mississippi,Nebraska,0,2006
Mississippi,Nevada,569,2006
Mississippi,New Hampshire,0,2006
Mississippi,New Jersey,668,2006
Mississippi,New Mexico,188,2006
Mississippi,New York,2131,2006
Mississippi,North Carolina,2678,2006
Mississippi,North Dakota,0,2006
Mississippi,Ohio,744,2006
Mississippi,Oklahoma,1307,2006
Mississippi,Oregon,382,2006
Mississippi,Pennsylvania,748,2006
Mississippi,Rhode Island,200,2006
Mississippi,South Carolina,1486,2006
Mississippi,South Dakota,60,2006
Mississippi,Tennessee,10789,2006
Mississippi,Texas,5059,2006
Mississippi,Utah,282,2006
Mississippi,Vermont,0,2006
Mississippi,Virginia,1844,2006
Mississippi,Washington,816,2006
Mississippi,West Virginia,167,2006
Mississippi,Wisconsin,1620,2006
Mississippi,Wyoming,0,2006
Missouri,Alabama,2106,2006
Missouri,Alaska,1389,2006
Missouri,Arizona,3053,2006
Missouri,Arkansas,8100,2006
Missouri,California,12491,2006
Missouri,Colorado,3930,2006
Missouri,Connecticut,276,2006
Missouri,Delaware,0,2006
Missouri,District of Columbia ,486,2006
Missouri,Florida,8422,2006
Missouri,Georgia,3928,2006
Missouri,Hawaii,1096,2006
Missouri,Idaho,557,2006
Missouri,Illinois,19044,2006
Missouri,Indiana,1699,2006
Missouri,Iowa,6819,2006
Missouri,Kansas,18617,2006
Missouri,Kentucky,1483,2006
Missouri,Louisiana,4589,2006
Missouri,Maine,75,2006
Missouri,Maryland,1016,2006
Missouri,Massachusetts,1043,2006
Missouri,Michigan,3649,2006
Missouri,Minnesota,2607,2006
Missouri,Mississippi,3208,2006
Missouri,Montana,361,2006
Missouri,Nebraska,3204,2006
Missouri,Nevada,1769,2006
Missouri,New Hampshire,295,2006
Missouri,New Jersey,1639,2006
Missouri,New Mexico,1335,2006
Missouri,New York,3366,2006
Missouri,North Carolina,2916,2006
Missouri,North Dakota,230,2006
Missouri,Ohio,3830,2006
Missouri,Oklahoma,5980,2006
Missouri,Oregon,1292,2006
Missouri,Pennsylvania,1481,2006
Missouri,Rhode Island,0,2006
Missouri,South Carolina,1928,2006
Missouri,South Dakota,381,2006
Missouri,Tennessee,4381,2006
Missouri,Texas,10717,2006
Missouri,Utah,1749,2006
Missouri,Vermont,54,2006
Missouri,Virginia,1518,2006
Missouri,Washington,1706,2006
Missouri,West Virginia,109,2006
Missouri,Wisconsin,2473,2006
Missouri,Wyoming,237,2006
Montana,Alabama,588,2006
Montana,Alaska,281,2006
Montana,Arizona,1867,2006
Montana,Arkansas,0,2006
Montana,California,3460,2006
Montana,Colorado,1445,2006
Montana,Connecticut,309,2006
Montana,Delaware,400,2006
Montana,District of Columbia ,87,2006
Montana,Florida,1846,2006
Montana,Georgia,292,2006
Montana,Hawaii,858,2006
Montana,Idaho,1139,2006
Montana,Illinois,734,2006
Montana,Indiana,270,2006
Montana,Iowa,315,2006
Montana,Kansas,0,2006
Montana,Kentucky,119,2006
Montana,Louisiana,203,2006
Montana,Maine,0,2006
Montana,Maryland,179,2006
Montana,Massachusetts,198,2006
Montana,Michigan,354,2006
Montana,Minnesota,1138,2006
Montana,Mississippi,0,2006
Montana,Missouri,505,2006
Montana,Nebraska,296,2006
Montana,Nevada,563,2006
Montana,New Hampshire,0,2006
Montana,New Jersey,500,2006
Montana,New Mexico,596,2006
Montana,New York,823,2006
Montana,North Carolina,249,2006
Montana,North Dakota,1374,2006
Montana,Ohio,886,2006
Montana,Oklahoma,20,2006
Montana,Oregon,1227,2006
Montana,Pennsylvania,495,2006
Montana,Rhode Island,0,2006
Montana,South Carolina,34,2006
Montana,South Dakota,1557,2006
Montana,Tennessee,18,2006
Montana,Texas,902,2006
Montana,Utah,652,2006
Montana,Vermont,168,2006
Montana,Virginia,583,2006
Montana,Washington,5901,2006
Montana,West Virginia,70,2006
Montana,Wisconsin,815,2006
Montana,Wyoming,2366,2006
Nebraska,Alabama,124,2006
Nebraska,Alaska,514,2006
Nebraska,Arizona,1238,2006
Nebraska,Arkansas,365,2006
Nebraska,California,5170,2006
Nebraska,Colorado,5254,2006
Nebraska,Connecticut,0,2006
Nebraska,Delaware,51,2006
Nebraska,District of Columbia ,178,2006
Nebraska,Florida,2184,2006
Nebraska,Georgia,902,2006
Nebraska,Hawaii,224,2006
Nebraska,Idaho,1013,2006
Nebraska,Illinois,1234,2006
Nebraska,Indiana,732,2006
Nebraska,Iowa,6444,2006
Nebraska,Kansas,4212,2006
Nebraska,Kentucky,477,2006
Nebraska,Louisiana,547,2006
Nebraska,Maine,22,2006
Nebraska,Maryland,349,2006
Nebraska,Massachusetts,8,2006
Nebraska,Michigan,601,2006
Nebraska,Minnesota,3141,2006
Nebraska,Mississippi,574,2006
Nebraska,Missouri,1655,2006
Nebraska,Montana,389,2006
Nebraska,Nevada,265,2006
Nebraska,New Hampshire,0,2006
Nebraska,New Jersey,44,2006
Nebraska,New Mexico,322,2006
Nebraska,New York,767,2006
Nebraska,North Carolina,412,2006
Nebraska,North Dakota,746,2006
Nebraska,Ohio,582,2006
Nebraska,Oklahoma,844,2006
Nebraska,Oregon,911,2006
Nebraska,Pennsylvania,101,2006
Nebraska,Rhode Island,95,2006
Nebraska,South Carolina,100,2006
Nebraska,South Dakota,3795,2006
Nebraska,Tennessee,1160,2006
Nebraska,Texas,2468,2006
Nebraska,Utah,645,2006
Nebraska,Vermont,0,2006
Nebraska,Virginia,897,2006
Nebraska,Washington,439,2006
Nebraska,West Virginia,377,2006
Nebraska,Wisconsin,621,2006
Nebraska,Wyoming,1160,2006
Nevada,Alabama,260,2006
Nevada,Alaska,1669,2006
Nevada,Arizona,6618,2006
Nevada,Arkansas,668,2006
Nevada,California,59811,2006
Nevada,Colorado,7096,2006
Nevada,Connecticut,946,2006
Nevada,Delaware,183,2006
Nevada,District of Columbia ,160,2006
Nevada,Florida,4759,2006
Nevada,Georgia,1749,2006
Nevada,Hawaii,3865,2006
Nevada,Idaho,2590,2006
Nevada,Illinois,3669,2006
Nevada,Indiana,2085,2006
Nevada,Iowa,1195,2006
Nevada,Kansas,758,2006
Nevada,Kentucky,523,2006
Nevada,Louisiana,1628,2006
Nevada,Maine,70,2006
Nevada,Maryland,1297,2006
Nevada,Massachusetts,1120,2006
Nevada,Michigan,4130,2006
Nevada,Minnesota,713,2006
Nevada,Mississippi,788,2006
Nevada,Missouri,1651,2006
Nevada,Montana,327,2006
Nevada,Nebraska,473,2006
Nevada,New Hampshire,82,2006
Nevada,New Jersey,2384,2006
Nevada,New Mexico,2867,2006
Nevada,New York,3564,2006
Nevada,North Carolina,1410,2006
Nevada,North Dakota,179,2006
Nevada,Ohio,3267,2006
Nevada,Oklahoma,457,2006
Nevada,Oregon,1496,2006
Nevada,Pennsylvania,1158,2006
Nevada,Rhode Island,118,2006
Nevada,South Carolina,963,2006
Nevada,South Dakota,71,2006
Nevada,Tennessee,269,2006
Nevada,Texas,4990,2006
Nevada,Utah,7182,2006
Nevada,Vermont,263,2006
Nevada,Virginia,1694,2006
Nevada,Washington,5361,2006
Nevada,West Virginia,0,2006
Nevada,Wisconsin,1418,2006
Nevada,Wyoming,822,2006
New Hampshire,Alabama,76,2006
New Hampshire,Alaska,488,2006
New Hampshire,Arizona,779,2006
New Hampshire,Arkansas,164,2006
New Hampshire,California,1907,2006
New Hampshire,Colorado,254,2006
New Hampshire,Connecticut,2576,2006
New Hampshire,Delaware,0,2006
New Hampshire,District of Columbia ,95,2006
New Hampshire,Florida,4294,2006
New Hampshire,Georgia,272,2006
New Hampshire,Hawaii,60,2006
New Hampshire,Idaho,0,2006
New Hampshire,Illinois,313,2006
New Hampshire,Indiana,146,2006
New Hampshire,Iowa,0,2006
New Hampshire,Kansas,71,2006
New Hampshire,Kentucky,0,2006
New Hampshire,Louisiana,689,2006
New Hampshire,Maine,2137,2006
New Hampshire,Maryland,193,2006
New Hampshire,Massachusetts,15609,2006
New Hampshire,Michigan,132,2006
New Hampshire,Minnesota,194,2006
New Hampshire,Mississippi,427,2006
New Hampshire,Missouri,580,2006
New Hampshire,Montana,222,2006
New Hampshire,Nebraska,0,2006
New Hampshire,Nevada,63,2006
New Hampshire,New Jersey,558,2006
New Hampshire,New Mexico,40,2006
New Hampshire,New York,3016,2006
New Hampshire,North Carolina,505,2006
New Hampshire,North Dakota,0,2006
New Hampshire,Ohio,152,2006
New Hampshire,Oklahoma,0,2006
New Hampshire,Oregon,0,2006
New Hampshire,Pennsylvania,874,2006
New Hampshire,Rhode Island,867,2006
New Hampshire,South Carolina,158,2006
New Hampshire,South Dakota,563,2006
New Hampshire,Tennessee,120,2006
New Hampshire,Texas,871,2006
New Hampshire,Utah,29,2006
New Hampshire,Vermont,1783,2006
New Hampshire,Virginia,616,2006
New Hampshire,Washington,1276,2006
New Hampshire,West Virginia,0,2006
New Hampshire,Wisconsin,0,2006
New Hampshire,Wyoming,335,2006
New Jersey,Alabama,658,2006
New Jersey,Alaska,379,2006
New Jersey,Arizona,2138,2006
New Jersey,Arkansas,208,2006
New Jersey,California,7910,2006
New Jersey,Colorado,893,2006
New Jersey,Connecticut,2871,2006
New Jersey,Delaware,2330,2006
New Jersey,District of Columbia ,1141,2006
New Jersey,Florida,9728,2006
New Jersey,Georgia,3596,2006
New Jersey,Hawaii,480,2006
New Jersey,Idaho,643,2006
New Jersey,Illinois,2640,2006
New Jersey,Indiana,790,2006
New Jersey,Iowa,876,2006
New Jersey,Kansas,279,2006
New Jersey,Kentucky,488,2006
New Jersey,Louisiana,1044,2006
New Jersey,Maine,331,2006
New Jersey,Maryland,4029,2006
New Jersey,Massachusetts,7050,2006
New Jersey,Michigan,633,2006
New Jersey,Minnesota,728,2006
New Jersey,Mississippi,348,2006
New Jersey,Missouri,575,2006
New Jersey,Montana,0,2006
New Jersey,Nebraska,411,2006
New Jersey,Nevada,881,2006
New Jersey,New Hampshire,788,2006
New Jersey,New Mexico,413,2006
New Jersey,New York,54781,2006
New Jersey,North Carolina,2462,2006
New Jersey,North Dakota,99,2006
New Jersey,Ohio,864,2006
New Jersey,Oklahoma,767,2006
New Jersey,Oregon,110,2006
New Jersey,Pennsylvania,23970,2006
New Jersey,Rhode Island,1135,2006
New Jersey,South Carolina,1535,2006
New Jersey,South Dakota,87,2006
New Jersey,Tennessee,982,2006
New Jersey,Texas,4490,2006
New Jersey,Utah,159,2006
New Jersey,Vermont,504,2006
New Jersey,Virginia,4065,2006
New Jersey,Washington,763,2006
New Jersey,West Virginia,183,2006
New Jersey,Wisconsin,678,2006
New Jersey,Wyoming,175,2006
New Mexico,Alabama,1207,2006
New Mexico,Alaska,1066,2006
New Mexico,Arizona,8173,2006
New Mexico,Arkansas,393,2006
New Mexico,California,8210,2006
New Mexico,Colorado,4782,2006
New Mexico,Connecticut,166,2006
New Mexico,Delaware,113,2006
New Mexico,District of Columbia ,369,2006
New Mexico,Florida,3731,2006
New Mexico,Georgia,1357,2006
New Mexico,Hawaii,868,2006
New Mexico,Idaho,278,2006
New Mexico,Illinois,2303,2006
New Mexico,Indiana,359,2006
New Mexico,Iowa,34,2006
New Mexico,Kansas,1070,2006
New Mexico,Kentucky,763,2006
New Mexico,Louisiana,870,2006
New Mexico,Maine,180,2006
New Mexico,Maryland,423,2006
New Mexico,Massachusetts,883,2006
New Mexico,Michigan,729,2006
New Mexico,Minnesota,999,2006
New Mexico,Mississippi,441,2006
New Mexico,Missouri,237,2006
New Mexico,Montana,81,2006
New Mexico,Nebraska,1079,2006
New Mexico,Nevada,2229,2006
New Mexico,New Hampshire,149,2006
New Mexico,New Jersey,834,2006
New Mexico,New York,1371,2006
New Mexico,North Carolina,547,2006
New Mexico,North Dakota,1541,2006
New Mexico,Ohio,385,2006
New Mexico,Oklahoma,1570,2006
New Mexico,Oregon,1211,2006
New Mexico,Pennsylvania,1269,2006
New Mexico,Rhode Island,0,2006
New Mexico,South Carolina,340,2006
New Mexico,South Dakota,417,2006
New Mexico,Tennessee,159,2006
New Mexico,Texas,13150,2006
New Mexico,Utah,1860,2006
New Mexico,Vermont,342,2006
New Mexico,Virginia,964,2006
New Mexico,Washington,1763,2006
New Mexico,West Virginia,142,2006
New Mexico,Wisconsin,294,2006
New Mexico,Wyoming,342,2006
New York,Alabama,812,2006
New York,Alaska,2513,2006
New York,Arizona,3761,2006
New York,Arkansas,331,2006
New York,California,23126,2006
New York,Colorado,2373,2006
New York,Connecticut,16439,2006
New York,Delaware,1726,2006
New York,District of Columbia ,3942,2006
New York,Florida,30809,2006
New York,Georgia,7254,2006
New York,Hawaii,1240,2006
New York,Idaho,97,2006
New York,Illinois,7110,2006
New York,Indiana,1618,2006
New York,Iowa,396,2006
New York,Kansas,1188,2006
New York,Kentucky,792,2006
New York,Louisiana,2555,2006
New York,Maine,3028,2006
New York,Maryland,9274,2006
New York,Massachusetts,17797,2006
New York,Michigan,3209,2006
New York,Minnesota,1940,2006
New York,Mississippi,943,2006
New York,Missouri,1838,2006
New York,Montana,344,2006
New York,Nebraska,456,2006
New York,Nevada,2279,2006
New York,New Hampshire,3244,2006
New York,New Jersey,37102,2006
New York,New Mexico,1126,2006
New York,North Carolina,6521,2006
New York,North Dakota,0,2006
New York,Ohio,6624,2006
New York,Oklahoma,1197,2006
New York,Oregon,1528,2006
New York,Pennsylvania,22032,2006
New York,Rhode Island,1901,2006
New York,South Carolina,3389,2006
New York,South Dakota,304,2006
New York,Tennessee,1838,2006
New York,Texas,10292,2006
New York,Utah,803,2006
New York,Vermont,4528,2006
New York,Virginia,14517,2006
New York,Washington,1752,2006
New York,West Virginia,656,2006
New York,Wisconsin,1500,2006
New York,Wyoming,198,2006
North Carolina,Alabama,2497,2006
North Carolina,Alaska,997,2006
North Carolina,Arizona,3920,2006
North Carolina,Arkansas,1648,2006
North Carolina,California,17613,2006
North Carolina,Colorado,3074,2006
North Carolina,Connecticut,5006,2006
North Carolina,Delaware,443,2006
North Carolina,District of Columbia ,3076,2006
North Carolina,Florida,41059,2006
North Carolina,Georgia,16200,2006
North Carolina,Hawaii,2807,2006
North Carolina,Idaho,1627,2006
North Carolina,Illinois,6496,2006
North Carolina,Indiana,4367,2006
North Carolina,Iowa,762,2006
North Carolina,Kansas,665,2006
North Carolina,Kentucky,1456,2006
North Carolina,Louisiana,5627,2006
North Carolina,Maine,1176,2006
North Carolina,Maryland,16726,2006
North Carolina,Massachusetts,4638,2006
North Carolina,Michigan,6529,2006
North Carolina,Minnesota,1467,2006
North Carolina,Mississippi,2664,2006
North Carolina,Missouri,3002,2006
North Carolina,Montana,49,2006
North Carolina,Nebraska,564,2006
North Carolina,Nevada,1821,2006
North Carolina,New Hampshire,1181,2006
North Carolina,New Jersey,14757,2006
North Carolina,New Mexico,1732,2006
North Carolina,New York,40690,2006
North Carolina,North Dakota,862,2006
North Carolina,Ohio,11878,2006
North Carolina,Oklahoma,1906,2006
North Carolina,Oregon,2135,2006
North Carolina,Pennsylvania,15361,2006
North Carolina,Rhode Island,1219,2006
North Carolina,South Carolina,24793,2006
North Carolina,South Dakota,222,2006
North Carolina,Tennessee,6836,2006
North Carolina,Texas,14325,2006
North Carolina,Utah,1795,2006
North Carolina,Vermont,929,2006
North Carolina,Virginia,33832,2006
North Carolina,Washington,2952,2006
North Carolina,West Virginia,5050,2006
North Carolina,Wisconsin,3489,2006
North Carolina,Wyoming,592,2006
North Dakota,Alabama,77,2006
North Dakota,Alaska,147,2006
North Dakota,Arizona,833,2006
North Dakota,Arkansas,50,2006
North Dakota,California,1460,2006
North Dakota,Colorado,1285,2006
North Dakota,Connecticut,54,2006
North Dakota,Delaware,0,2006
North Dakota,District of Columbia ,0,2006
North Dakota,Florida,516,2006
North Dakota,Georgia,265,2006
North Dakota,Hawaii,107,2006
North Dakota,Idaho,348,2006
North Dakota,Illinois,236,2006
North Dakota,Indiana,0,2006
North Dakota,Iowa,241,2006
North Dakota,Kansas,14,2006
North Dakota,Kentucky,175,2006
North Dakota,Louisiana,96,2006
North Dakota,Maine,0,2006
North Dakota,Maryland,68,2006
North Dakota,Massachusetts,71,2006
North Dakota,Michigan,807,2006
North Dakota,Minnesota,9169,2006
North Dakota,Mississippi,552,2006
North Dakota,Missouri,308,2006
North Dakota,Montana,1735,2006
North Dakota,Nebraska,407,2006
North Dakota,Nevada,147,2006
North Dakota,New Hampshire,0,2006
North Dakota,New Jersey,0,2006
North Dakota,New Mexico,221,2006
North Dakota,New York,410,2006
North Dakota,North Carolina,35,2006
North Dakota,Ohio,271,2006
North Dakota,Oklahoma,702,2006
North Dakota,Oregon,279,2006
North Dakota,Pennsylvania,651,2006
North Dakota,Rhode Island,0,2006
North Dakota,South Carolina,52,2006
North Dakota,South Dakota,1517,2006
North Dakota,Tennessee,589,2006
North Dakota,Texas,737,2006
North Dakota,Utah,0,2006
North Dakota,Vermont,0,2006
North Dakota,Virginia,386,2006
North Dakota,Washington,605,2006
North Dakota,West Virginia,0,2006
North Dakota,Wisconsin,339,2006
North Dakota,Wyoming,298,2006
Ohio,Alabama,1834,2006
Ohio,Alaska,745,2006
Ohio,Arizona,4530,2006
Ohio,Arkansas,1260,2006
Ohio,California,11098,2006
Ohio,Colorado,2065,2006
Ohio,Connecticut,984,2006
Ohio,Delaware,2142,2006
Ohio,District of Columbia ,662,2006
Ohio,Florida,22706,2006
Ohio,Georgia,6776,2006
Ohio,Hawaii,106,2006
Ohio,Idaho,1041,2006
Ohio,Illinois,8776,2006
Ohio,Indiana,10220,2006
Ohio,Iowa,1008,2006
Ohio,Kansas,578,2006
Ohio,Kentucky,14157,2006
Ohio,Louisiana,3807,2006
Ohio,Maine,197,2006
Ohio,Maryland,5018,2006
Ohio,Massachusetts,4858,2006
Ohio,Michigan,15669,2006
Ohio,Minnesota,1490,2006
Ohio,Mississippi,704,2006
Ohio,Missouri,2233,2006
Ohio,Montana,171,2006
Ohio,Nebraska,747,2006
Ohio,Nevada,1691,2006
Ohio,New Hampshire,491,2006
Ohio,New Jersey,4436,2006
Ohio,New Mexico,161,2006
Ohio,New York,8525,2006
Ohio,North Carolina,9822,2006
Ohio,North Dakota,707,2006
Ohio,Oklahoma,1179,2006
Ohio,Oregon,635,2006
Ohio,Pennsylvania,11979,2006
Ohio,Rhode Island,489,2006
Ohio,South Carolina,3083,2006
Ohio,South Dakota,0,2006
Ohio,Tennessee,5847,2006
Ohio,Texas,6331,2006
Ohio,Utah,2270,2006
Ohio,Vermont,84,2006
Ohio,Virginia,3831,2006
Ohio,Washington,1420,2006
Ohio,West Virginia,6837,2006
Ohio,Wisconsin,1184,2006
Ohio,Wyoming,115,2006
Oklahoma,Alabama,513,2006
Oklahoma,Alaska,1304,2006
Oklahoma,Arizona,4549,2006
Oklahoma,Arkansas,7936,2006
Oklahoma,California,8947,2006
Oklahoma,Colorado,2656,2006
Oklahoma,Connecticut,279,2006
Oklahoma,Delaware,11,2006
Oklahoma,District of Columbia ,0,2006
Oklahoma,Florida,3664,2006
Oklahoma,Georgia,1547,2006
Oklahoma,Hawaii,810,2006
Oklahoma,Idaho,183,2006
Oklahoma,Illinois,2278,2006
Oklahoma,Indiana,933,2006
Oklahoma,Iowa,2196,2006
Oklahoma,Kansas,8931,2006
Oklahoma,Kentucky,924,2006
Oklahoma,Louisiana,3122,2006
Oklahoma,Maine,0,2006
Oklahoma,Maryland,2272,2006
Oklahoma,Massachusetts,479,2006
Oklahoma,Michigan,1264,2006
Oklahoma,Minnesota,1288,2006
Oklahoma,Mississippi,1524,2006
Oklahoma,Missouri,6099,2006
Oklahoma,Montana,657,2006
Oklahoma,Nebraska,2162,2006
Oklahoma,Nevada,1402,2006
Oklahoma,New Hampshire,127,2006
Oklahoma,New Jersey,517,2006
Oklahoma,New Mexico,2560,2006
Oklahoma,New York,2165,2006
Oklahoma,North Carolina,625,2006
Oklahoma,North Dakota,334,2006
Oklahoma,Ohio,1504,2006
Oklahoma,Oregon,716,2006
Oklahoma,Pennsylvania,1016,2006
Oklahoma,Rhode Island,0,2006
Oklahoma,South Carolina,178,2006
Oklahoma,South Dakota,365,2006
Oklahoma,Tennessee,1492,2006
Oklahoma,Texas,28327,2006
Oklahoma,Utah,670,2006
Oklahoma,Vermont,0,2006
Oklahoma,Virginia,1679,2006
Oklahoma,Washington,2193,2006
Oklahoma,West Virginia,220,2006
Oklahoma,Wisconsin,440,2006
Oklahoma,Wyoming,546,2006
Oregon,Alabama,42,2006
Oregon,Alaska,1422,2006
Oregon,Arizona,8078,2006
Oregon,Arkansas,420,2006
Oregon,California,51295,2006
Oregon,Colorado,4424,2006
Oregon,Connecticut,268,2006
Oregon,Delaware,0,2006
Oregon,District of Columbia ,744,2006
Oregon,Florida,3916,2006
Oregon,Georgia,2079,2006
Oregon,Hawaii,3269,2006
Oregon,Idaho,4196,2006
Oregon,Illinois,1399,2006
Oregon,Indiana,541,2006
Oregon,Iowa,269,2006
Oregon,Kansas,449,2006
Oregon,Kentucky,502,2006
Oregon,Louisiana,1697,2006
Oregon,Maine,131,2006
Oregon,Maryland,863,2006
Oregon,Massachusetts,710,2006
Oregon,Michigan,1960,2006
Oregon,Minnesota,2533,2006
Oregon,Mississippi,58,2006
Oregon,Missouri,1170,2006
Oregon,Montana,1776,2006
Oregon,Nebraska,1201,2006
Oregon,Nevada,4320,2006
Oregon,New Hampshire,459,2006
Oregon,New Jersey,201,2006
Oregon,New Mexico,1633,2006
Oregon,New York,2555,2006
Oregon,North Carolina,1225,2006
Oregon,North Dakota,0,2006
Oregon,Ohio,2565,2006
Oregon,Oklahoma,1373,2006
Oregon,Pennsylvania,1601,2006
Oregon,Rhode Island,73,2006
Oregon,South Carolina,295,2006
Oregon,South Dakota,116,2006
Oregon,Tennessee,927,2006
Oregon,Texas,4580,2006
Oregon,Utah,3998,2006
Oregon,Vermont,380,2006
Oregon,Virginia,798,2006
Oregon,Washington,24230,2006
Oregon,West Virginia,577,2006
Oregon,Wisconsin,1615,2006
Oregon,Wyoming,753,2006
Pennsylvania,Alabama,1410,2006
Pennsylvania,Alaska,1501,2006
Pennsylvania,Arizona,2405,2006
Pennsylvania,Arkansas,1153,2006
Pennsylvania,California,10789,2006
Pennsylvania,Colorado,1582,2006
Pennsylvania,Connecticut,3708,2006
Pennsylvania,Delaware,5940,2006
Pennsylvania,District of Columbia ,1845,2006
Pennsylvania,Florida,18837,2006
Pennsylvania,Georgia,4258,2006
Pennsylvania,Hawaii,242,2006
Pennsylvania,Idaho,174,2006
Pennsylvania,Illinois,3360,2006
Pennsylvania,Indiana,3602,2006
Pennsylvania,Iowa,774,2006
Pennsylvania,Kansas,491,2006
Pennsylvania,Kentucky,1236,2006
Pennsylvania,Louisiana,1212,2006
Pennsylvania,Maine,1413,2006
Pennsylvania,Maryland,22968,2006
Pennsylvania,Massachusetts,6816,2006
Pennsylvania,Michigan,4247,2006
Pennsylvania,Minnesota,976,2006
Pennsylvania,Mississippi,1196,2006
Pennsylvania,Missouri,1356,2006
Pennsylvania,Montana,260,2006
Pennsylvania,Nebraska,448,2006
Pennsylvania,Nevada,569,2006
Pennsylvania,New Hampshire,852,2006
Pennsylvania,New Jersey,42717,2006
Pennsylvania,New Mexico,836,2006
Pennsylvania,New York,43294,2006
Pennsylvania,North Carolina,5446,2006
Pennsylvania,North Dakota,66,2006
Pennsylvania,Ohio,14106,2006
Pennsylvania,Oklahoma,942,2006
Pennsylvania,Oregon,449,2006
Pennsylvania,Rhode Island,1065,2006
Pennsylvania,South Carolina,2479,2006
Pennsylvania,South Dakota,308,2006
Pennsylvania,Tennessee,2598,2006
Pennsylvania,Texas,6461,2006
Pennsylvania,Utah,583,2006
Pennsylvania,Vermont,913,2006
Pennsylvania,Virginia,11032,2006
Pennsylvania,Washington,2863,2006
Pennsylvania,West Virginia,2470,2006
Pennsylvania,Wisconsin,1524,2006
Pennsylvania,Wyoming,0,2006
Rhode Island,Alabama,98,2006
Rhode Island,Alaska,106,2006
Rhode Island,Arizona,844,2006
Rhode Island,Arkansas,0,2006
Rhode Island,California,1824,2006
Rhode Island,Colorado,114,2006
Rhode Island,Connecticut,2976,2006
Rhode Island,Delaware,81,2006
Rhode Island,District of Columbia ,82,2006
Rhode Island,Florida,1240,2006
Rhode Island,Georgia,364,2006
Rhode Island,Hawaii,263,2006
Rhode Island,Idaho,0,2006
Rhode Island,Illinois,277,2006
Rhode Island,Indiana,346,2006
Rhode Island,Iowa,75,2006
Rhode Island,Kansas,225,2006
Rhode Island,Kentucky,0,2006
Rhode Island,Louisiana,327,2006
Rhode Island,Maine,174,2006
Rhode Island,Maryland,1006,2006
Rhode Island,Massachusetts,8991,2006
Rhode Island,Michigan,153,2006
Rhode Island,Minnesota,71,2006
Rhode Island,Mississippi,44,2006
Rhode Island,Missouri,0,2006
Rhode Island,Montana,0,2006
Rhode Island,Nebraska,0,2006
Rhode Island,Nevada,82,2006
Rhode Island,New Hampshire,1851,2006
Rhode Island,New Jersey,2093,2006
Rhode Island,New Mexico,0,2006
Rhode Island,New York,5256,2006
Rhode Island,North Carolina,349,2006
Rhode Island,North Dakota,0,2006
Rhode Island,Ohio,379,2006
Rhode Island,Oklahoma,0,2006
Rhode Island,Oregon,66,2006
Rhode Island,Pennsylvania,893,2006
Rhode Island,South Carolina,236,2006
Rhode Island,South Dakota,0,2006
Rhode Island,Tennessee,44,2006
Rhode Island,Texas,383,2006
Rhode Island,Utah,118,2006
Rhode Island,Vermont,245,2006
Rhode Island,Virginia,575,2006
Rhode Island,Washington,208,2006
Rhode Island,West Virginia,0,2006
Rhode Island,Wisconsin,123,2006
Rhode Island,Wyoming,0,2006
South Carolina,Alabama,4779,2006
South Carolina,Alaska,1317,2006
South Carolina,Arizona,2265,2006
South Carolina,Arkansas,229,2006
South Carolina,California,4096,2006
South Carolina,Colorado,868,2006
South Carolina,Connecticut,2429,2006
South Carolina,Delaware,361,2006
South Carolina,District of Columbia ,921,2006
South Carolina,Florida,17342,2006
South Carolina,Georgia,17998,2006
South Carolina,Hawaii,1729,2006
South Carolina,Idaho,464,2006
South Carolina,Illinois,4100,2006
South Carolina,Indiana,2961,2006
South Carolina,Iowa,601,2006
South Carolina,Kansas,497,2006
South Carolina,Kentucky,1825,2006
South Carolina,Louisiana,2417,2006
South Carolina,Maine,807,2006
South Carolina,Maryland,5677,2006
South Carolina,Massachusetts,1592,2006
South Carolina,Michigan,3440,2006
South Carolina,Minnesota,1566,2006
South Carolina,Mississippi,1666,2006
South Carolina,Missouri,1741,2006
South Carolina,Montana,121,2006
South Carolina,Nebraska,348,2006
South Carolina,Nevada,1443,2006
South Carolina,New Hampshire,1166,2006
South Carolina,New Jersey,6862,2006
South Carolina,New Mexico,215,2006
South Carolina,New York,9451,2006
South Carolina,North Carolina,22604,2006
South Carolina,North Dakota,74,2006
South Carolina,Ohio,3446,2006
South Carolina,Oklahoma,1538,2006
South Carolina,Oregon,201,2006
South Carolina,Pennsylvania,4437,2006
South Carolina,Rhode Island,1458,2006
South Carolina,South Dakota,129,2006
South Carolina,Tennessee,6454,2006
South Carolina,Texas,6219,2006
South Carolina,Utah,387,2006
South Carolina,Vermont,0,2006
South Carolina,Virginia,8560,2006
South Carolina,Washington,1282,2006
South Carolina,West Virginia,1142,2006
South Carolina,Wisconsin,1690,2006
South Carolina,Wyoming,193,2006
South Dakota,Alabama,0,2006
South Dakota,Alaska,116,2006
South Dakota,Arizona,923,2006
South Dakota,Arkansas,190,2006
South Dakota,California,1536,2006
South Dakota,Colorado,2196,2006
South Dakota,Connecticut,25,2006
South Dakota,Delaware,0,2006
South Dakota,District of Columbia ,0,2006
South Dakota,Florida,243,2006
South Dakota,Georgia,245,2006
South Dakota,Hawaii,338,2006
South Dakota,Idaho,60,2006
South Dakota,Illinois,647,2006
South Dakota,Indiana,492,2006
South Dakota,Iowa,2760,2006
South Dakota,Kansas,116,2006
South Dakota,Kentucky,278,2006
South Dakota,Louisiana,448,2006
South Dakota,Maine,0,2006
South Dakota,Maryland,2,2006
South Dakota,Massachusetts,0,2006
South Dakota,Michigan,710,2006
South Dakota,Minnesota,2869,2006
South Dakota,Mississippi,0,2006
South Dakota,Missouri,297,2006
South Dakota,Montana,746,2006
South Dakota,Nebraska,4122,2006
South Dakota,Nevada,146,2006
South Dakota,New Hampshire,0,2006
South Dakota,New Jersey,200,2006
South Dakota,New Mexico,384,2006
South Dakota,New York,237,2006
South Dakota,North Carolina,14,2006
South Dakota,North Dakota,2056,2006
South Dakota,Ohio,492,2006
South Dakota,Oklahoma,427,2006
South Dakota,Oregon,963,2006
South Dakota,Pennsylvania,187,2006
South Dakota,Rhode Island,0,2006
South Dakota,South Carolina,68,2006
South Dakota,Tennessee,56,2006
South Dakota,Texas,1293,2006
South Dakota,Utah,229,2006
South Dakota,Vermont,0,2006
South Dakota,Virginia,17,2006
South Dakota,Washington,785,2006
South Dakota,West Virginia,0,2006
South Dakota,Wisconsin,224,2006
South Dakota,Wyoming,544,2006
Tennessee,Alabama,7438,2006
Tennessee,Alaska,445,2006
Tennessee,Arizona,3087,2006
Tennessee,Arkansas,3598,2006
Tennessee,California,10721,2006
Tennessee,Colorado,1951,2006
Tennessee,Connecticut,582,2006
Tennessee,Delaware,60,2006
Tennessee,District of Columbia ,388,2006
Tennessee,Florida,28514,2006
Tennessee,Georgia,13868,2006
Tennessee,Hawaii,234,2006
Tennessee,Idaho,673,2006
Tennessee,Illinois,5337,2006
Tennessee,Indiana,6046,2006
Tennessee,Iowa,1154,2006
Tennessee,Kansas,1401,2006
Tennessee,Kentucky,11921,2006
Tennessee,Louisiana,7087,2006
Tennessee,Maine,729,2006
Tennessee,Maryland,2050,2006
Tennessee,Massachusetts,1614,2006
Tennessee,Michigan,4079,2006
Tennessee,Minnesota,524,2006
Tennessee,Mississippi,11443,2006
Tennessee,Missouri,5073,2006
Tennessee,Montana,379,2006
Tennessee,Nebraska,709,2006
Tennessee,Nevada,1336,2006
Tennessee,New Hampshire,292,2006
Tennessee,New Jersey,1403,2006
Tennessee,New Mexico,420,2006
Tennessee,New York,2816,2006
Tennessee,North Carolina,9779,2006
Tennessee,North Dakota,0,2006
Tennessee,Ohio,7782,2006
Tennessee,Oklahoma,939,2006
Tennessee,Oregon,988,2006
Tennessee,Pennsylvania,3557,2006
Tennessee,Rhode Island,166,2006
Tennessee,South Carolina,2853,2006
Tennessee,South Dakota,86,2006
Tennessee,Texas,12238,2006
Tennessee,Utah,754,2006
Tennessee,Vermont,80,2006
Tennessee,Virginia,6028,2006
Tennessee,Washington,1920,2006
Tennessee,West Virginia,667,2006
Tennessee,Wisconsin,1310,2006
Tennessee,Wyoming,133,2006
Texas,Alabama,8736,2006
Texas,Alaska,4910,2006
Texas,Arizona,18641,2006
Texas,Arkansas,14725,2006
Texas,California,81572,2006
Texas,Colorado,18848,2006
Texas,Connecticut,2884,2006
Texas,Delaware,223,2006
Texas,District of Columbia ,1009,2006
Texas,Florida,39872,2006
Texas,Georgia,16629,2006
Texas,Hawaii,8183,2006
Texas,Idaho,2055,2006
Texas,Illinois,24132,2006
Texas,Indiana,12553,2006
Texas,Iowa,3635,2006
Texas,Kansas,11043,2006
Texas,Kentucky,5460,2006
Texas,Louisiana,118552,2006
Texas,Maine,355,2006
Texas,Maryland,7915,2006
Texas,Massachusetts,5868,2006
Texas,Michigan,9942,2006
Texas,Minnesota,11371,2006
Texas,Mississippi,12692,2006
Texas,Missouri,11501,2006
Texas,Montana,1564,2006
Texas,Nebraska,3558,2006
Texas,Nevada,5724,2006
Texas,New Hampshire,1308,2006
Texas,New Jersey,12099,2006
Texas,New Mexico,14989,2006
Texas,New York,20436,2006
Texas,North Carolina,12326,2006
Texas,North Dakota,551,2006
Texas,Ohio,14269,2006
Texas,Oklahoma,27363,2006
Texas,Oregon,3523,2006
Texas,Pennsylvania,5615,2006
Texas,Rhode Island,303,2006
Texas,South Carolina,6777,2006
Texas,South Dakota,2421,2006
Texas,Tennessee,7222,2006
Texas,Utah,3439,2006
Texas,Vermont,120,2006
Texas,Virginia,16676,2006
Texas,Washington,10857,2006
Texas,West Virginia,1428,2006
Texas,Wisconsin,4121,2006
Texas,Wyoming,2700,2006
Utah,Alabama,723,2006
Utah,Alaska,605,2006
Utah,Arizona,7495,2006
Utah,Arkansas,247,2006
Utah,California,24994,2006
Utah,Colorado,3449,2006
Utah,Connecticut,597,2006
Utah,Delaware,0,2006
Utah,District of Columbia ,0,2006
Utah,Florida,2811,2006
Utah,Georgia,766,2006
Utah,Hawaii,1109,2006
Utah,Idaho,9037,2006
Utah,Illinois,1630,2006
Utah,Indiana,1164,2006
Utah,Iowa,112,2006
Utah,Kansas,107,2006
Utah,Kentucky,1106,2006
Utah,Louisiana,1226,2006
Utah,Maine,409,2006
Utah,Maryland,413,2006
Utah,Massachusetts,765,2006
Utah,Michigan,1642,2006
Utah,Minnesota,1028,2006
Utah,Mississippi,185,2006
Utah,Missouri,1157,2006
Utah,Montana,1242,2006
Utah,Nebraska,404,2006
Utah,Nevada,5898,2006
Utah,New Hampshire,0,2006
Utah,New Jersey,402,2006
Utah,New Mexico,684,2006
Utah,New York,1720,2006
Utah,North Carolina,703,2006
Utah,North Dakota,208,2006
Utah,Ohio,1135,2006
Utah,Oklahoma,595,2006
Utah,Oregon,4270,2006
Utah,Pennsylvania,1205,2006
Utah,Rhode Island,85,2006
Utah,South Carolina,1454,2006
Utah,South Dakota,159,2006
Utah,Tennessee,1499,2006
Utah,Texas,6646,2006
Utah,Vermont,604,2006
Utah,Virginia,1784,2006
Utah,Washington,4221,2006
Utah,West Virginia,88,2006
Utah,Wisconsin,781,2006
Utah,Wyoming,2446,2006
Vermont,Alabama,17,2006
Vermont,Alaska,0,2006
Vermont,Arizona,455,2006
Vermont,Arkansas,66,2006
Vermont,California,554,2006
Vermont,Colorado,943,2006
Vermont,Connecticut,1709,2006
Vermont,Delaware,0,2006
Vermont,District of Columbia ,398,2006
Vermont,Florida,2282,2006
Vermont,Georgia,446,2006
Vermont,Hawaii,50,2006
Vermont,Idaho,18,2006
Vermont,Illinois,35,2006
Vermont,Indiana,0,2006
Vermont,Iowa,0,2006
Vermont,Kansas,0,2006
Vermont,Kentucky,55,2006
Vermont,Louisiana,0,2006
Vermont,Maine,1577,2006
Vermont,Maryland,1389,2006
Vermont,Massachusetts,2751,2006
Vermont,Michigan,224,2006
Vermont,Minnesota,65,2006
Vermont,Mississippi,225,2006
Vermont,Missouri,17,2006
Vermont,Montana,88,2006
Vermont,Nebraska,0,2006
Vermont,Nevada,0,2006
Vermont,New Hampshire,2241,2006
Vermont,New Jersey,725,2006
Vermont,New Mexico,68,2006
Vermont,New York,4988,2006
Vermont,North Carolina,185,2006
Vermont,North Dakota,0,2006
Vermont,Ohio,284,2006
Vermont,Oklahoma,124,2006
Vermont,Oregon,245,2006
Vermont,Pennsylvania,545,2006
Vermont,Rhode Island,324,2006
Vermont,South Carolina,68,2006
Vermont,South Dakota,0,2006
Vermont,Tennessee,155,2006
Vermont,Texas,629,2006
Vermont,Utah,58,2006
Vermont,Virginia,1527,2006
Vermont,Washington,252,2006
Vermont,West Virginia,0,2006
Vermont,Wisconsin,248,2006
Vermont,Wyoming,51,2006
Virginia,Alabama,3379,2006
Virginia,Alaska,4116,2006
Virginia,Arizona,3286,2006
Virginia,Arkansas,1061,2006
Virginia,California,18797,2006
Virginia,Colorado,3140,2006
Virginia,Connecticut,4694,2006
Virginia,Delaware,993,2006
Virginia,District of Columbia ,10818,2006
Virginia,Florida,18446,2006
Virginia,Georgia,7512,2006
Virginia,Hawaii,3480,2006
Virginia,Idaho,811,2006
Virginia,Illinois,12983,2006
Virginia,Indiana,3579,2006
Virginia,Iowa,374,2006
Virginia,Kansas,1526,2006
Virginia,Kentucky,3636,2006
Virginia,Louisiana,6189,2006
Virginia,Maine,1920,2006
Virginia,Maryland,22403,2006
Virginia,Massachusetts,4795,2006
Virginia,Michigan,5832,2006
Virginia,Minnesota,1505,2006
Virginia,Mississippi,2128,2006
Virginia,Missouri,2913,2006
Virginia,Montana,447,2006
Virginia,Nebraska,1477,2006
Virginia,Nevada,496,2006
Virginia,New Hampshire,1213,2006
Virginia,New Jersey,8100,2006
Virginia,New Mexico,912,2006
Virginia,New York,21198,2006
Virginia,North Carolina,27214,2006
Virginia,North Dakota,270,2006
Virginia,Ohio,6481,2006
Virginia,Oklahoma,2160,2006
Virginia,Oregon,1472,2006
Virginia,Pennsylvania,13933,2006
Virginia,Rhode Island,1666,2006
Virginia,South Carolina,9870,2006
Virginia,South Dakota,193,2006
Virginia,Tennessee,7862,2006
Virginia,Texas,18639,2006
Virginia,Utah,1071,2006
Virginia,Vermont,726,2006
Virginia,Washington,4712,2006
Virginia,West Virginia,5119,2006
Virginia,Wisconsin,631,2006
Virginia,Wyoming,38,2006
Washington,Alabama,547,2006
Washington,Alaska,4161,2006
Washington,Arizona,9879,2006
Washington,Arkansas,944,2006
Washington,California,53034,2006
Washington,Colorado,5687,2006
Washington,Connecticut,1539,2006
Washington,Delaware,112,2006
Washington,District of Columbia ,137,2006
Washington,Florida,7442,2006
Washington,Georgia,3194,2006
Washington,Hawaii,4703,2006
Washington,Idaho,11303,2006
Washington,Illinois,7825,2006
Washington,Indiana,2197,2006
Washington,Iowa,710,2006
Washington,Kansas,2373,2006
Washington,Kentucky,584,2006
Washington,Louisiana,2785,2006
Washington,Maine,456,2006
Washington,Maryland,1950,2006
Washington,Massachusetts,2139,2006
Washington,Michigan,3975,2006
Washington,Minnesota,4704,2006
Washington,Mississippi,716,2006
Washington,Missouri,2970,2006
Washington,Montana,3514,2006
Washington,Nebraska,576,2006
Washington,Nevada,5336,2006
Washington,New Hampshire,269,2006
Washington,New Jersey,1595,2006
Washington,New Mexico,887,2006
Washington,New York,6041,2006
Washington,North Carolina,3456,2006
Washington,North Dakota,1318,2006
Washington,Ohio,3876,2006
Washington,Oklahoma,2136,2006
Washington,Oregon,28905,2006
Washington,Pennsylvania,1572,2006
Washington,Rhode Island,430,2006
Washington,South Carolina,1495,2006
Washington,South Dakota,1016,2006
Washington,Tennessee,894,2006
Washington,Texas,15382,2006
Washington,Utah,4929,2006
Washington,Vermont,271,2006
Washington,Virginia,6082,2006
Washington,West Virginia,0,2006
Washington,Wisconsin,1275,2006
Washington,Wyoming,515,2006
West Virginia,Alabama,993,2006
West Virginia,Alaska,817,2006
West Virginia,Arizona,16,2006
West Virginia,Arkansas,30,2006
West Virginia,California,1022,2006
West Virginia,Colorado,192,2006
West Virginia,Connecticut,323,2006
West Virginia,Delaware,335,2006
West Virginia,District of Columbia ,327,2006
West Virginia,Florida,3448,2006
West Virginia,Georgia,1254,2006
West Virginia,Hawaii,49,2006
West Virginia,Idaho,30,2006
West Virginia,Illinois,651,2006
West Virginia,Indiana,98,2006
West Virginia,Iowa,0,2006
West Virginia,Kansas,43,2006
West Virginia,Kentucky,1785,2006
West Virginia,Louisiana,429,2006
West Virginia,Maine,0,2006
West Virginia,Maryland,5142,2006
West Virginia,Massachusetts,150,2006
West Virginia,Michigan,651,2006
West Virginia,Minnesota,131,2006
West Virginia,Mississippi,672,2006
West Virginia,Missouri,289,2006
West Virginia,Montana,0,2006
West Virginia,Nebraska,0,2006
West Virginia,Nevada,229,2006
West Virginia,New Hampshire,153,2006
West Virginia,New Jersey,1018,2006
West Virginia,New Mexico,0,2006
West Virginia,New York,1406,2006
West Virginia,North Carolina,3185,2006
West Virginia,North Dakota,0,2006
West Virginia,Ohio,9928,2006
West Virginia,Oklahoma,524,2006
West Virginia,Oregon,743,2006
West Virginia,Pennsylvania,3559,2006
West Virginia,Rhode Island,0,2006
West Virginia,South Carolina,792,2006
West Virginia,South Dakota,0,2006
West Virginia,Tennessee,993,2006
West Virginia,Texas,1184,2006
West Virginia,Utah,57,2006
West Virginia,Vermont,29,2006
West Virginia,Virginia,6846,2006
West Virginia,Washington,724,2006
West Virginia,Wisconsin,43,2006
West Virginia,Wyoming,0,2006
Wisconsin,Alabama,1791,2006
Wisconsin,Alaska,406,2006
Wisconsin,Arizona,2331,2006
Wisconsin,Arkansas,2285,2006
Wisconsin,California,4365,2006
Wisconsin,Colorado,2171,2006
Wisconsin,Connecticut,590,2006
Wisconsin,Delaware,0,2006
Wisconsin,District of Columbia ,312,2006
Wisconsin,Florida,6447,2006
Wisconsin,Georgia,1749,2006
Wisconsin,Hawaii,24,2006
Wisconsin,Idaho,64,2006
Wisconsin,Illinois,20852,2006
Wisconsin,Indiana,2012,2006
Wisconsin,Iowa,2777,2006
Wisconsin,Kansas,510,2006
Wisconsin,Kentucky,653,2006
Wisconsin,Louisiana,1301,2006
Wisconsin,Maine,304,2006
Wisconsin,Maryland,305,2006
Wisconsin,Massachusetts,924,2006
Wisconsin,Michigan,5226,2006
Wisconsin,Minnesota,18939,2006
Wisconsin,Mississippi,289,2006
Wisconsin,Missouri,2000,2006
Wisconsin,Montana,210,2006
Wisconsin,Nebraska,285,2006
Wisconsin,Nevada,627,2006
Wisconsin,New Hampshire,122,2006
Wisconsin,New Jersey,1010,2006
Wisconsin,New Mexico,173,2006
Wisconsin,New York,2407,2006
Wisconsin,North Carolina,2131,2006
Wisconsin,North Dakota,736,2006
Wisconsin,Ohio,1983,2006
Wisconsin,Oklahoma,339,2006
Wisconsin,Oregon,892,2006
Wisconsin,Pennsylvania,1024,2006
Wisconsin,Rhode Island,420,2006
Wisconsin,South Carolina,732,2006
Wisconsin,South Dakota,362,2006
Wisconsin,Tennessee,1097,2006
Wisconsin,Texas,3734,2006
Wisconsin,Utah,750,2006
Wisconsin,Vermont,62,2006
Wisconsin,Virginia,1413,2006
Wisconsin,Washington,1394,2006
Wisconsin,West Virginia,0,2006
Wisconsin,Wyoming,11,2006
Wyoming,Alabama,140,2006
Wyoming,Alaska,171,2006
Wyoming,Arizona,916,2006
Wyoming,Arkansas,398,2006
Wyoming,California,1200,2006
Wyoming,Colorado,6477,2006
Wyoming,Connecticut,33,2006
Wyoming,Delaware,0,2006
Wyoming,District of Columbia ,98,2006
Wyoming,Florida,690,2006
Wyoming,Georgia,15,2006
Wyoming,Hawaii,0,2006
Wyoming,Idaho,220,2006
Wyoming,Illinois,397,2006
Wyoming,Indiana,349,2006
Wyoming,Iowa,70,2006
Wyoming,Kansas,121,2006
Wyoming,Kentucky,0,2006
Wyoming,Louisiana,432,2006
Wyoming,Maine,50,2006
Wyoming,Maryland,379,2006
Wyoming,Massachusetts,0,2006
Wyoming,Michigan,1005,2006
Wyoming,Minnesota,304,2006
Wyoming,Mississippi,174,2006
Wyoming,Missouri,348,2006
Wyoming,Montana,966,2006
Wyoming,Nebraska,583,2006
Wyoming,Nevada,810,2006
Wyoming,New Hampshire,0,2006
Wyoming,New Jersey,91,2006
Wyoming,New Mexico,726,2006
Wyoming,New York,0,2006
Wyoming,North Carolina,0,2006
Wyoming,North Dakota,52,2006
Wyoming,Ohio,528,2006
Wyoming,Oklahoma,279,2006
Wyoming,Oregon,671,2006
Wyoming,Pennsylvania,268,2006
Wyoming,Rhode Island,0,2006
Wyoming,South Carolina,1113,2006
Wyoming,South Dakota,646,2006
Wyoming,Tennessee,247,2006
Wyoming,Texas,3012,2006
Wyoming,Utah,1420,2006
Wyoming,Vermont,0,2006
Wyoming,Virginia,127,2006
Wyoming,Washington,892,2006
Wyoming,West Virginia,0,2006
Wyoming,Wisconsin,935,2006
