target,source,flow
Alaska,Alabama,767
Arizona,Alabama,1865
Arkansas,Alabama,2329
California,Alabama,3397
Colorado,Alabama,1927
Connecticut,Alabama,894
Delaware,Alabama,77
District of Columbia ,Alabama,521
Florida,Alabama,15755
Georgia,Alabama,27433
Hawaii,Alabama,399
Idaho,Alabama,0
Illinois,Alabama,2400
Indiana,Alabama,1184
Iowa,Alabama,478
Kansas,Alabama,1277
Kentucky,Alabama,1365
Louisiana,Alabama,1566
Maine,Alabama,97
Maryland,Alabama,1435
Massachusetts,Alabama,446
Michigan,Alabama,2540
Minnesota,Alabama,193
Mississippi,Alabama,7442
Missouri,Alabama,1174
Montana,Alabama,120
Nebraska,Alabama,339
Nevada,Alabama,539
New Hampshire,Alabama,166
New Jersey,Alabama,193
New Mexico,Alabama,773
New York,Alabama,2061
North Carolina,Alabama,3974
North Dakota,Alabama,1162
Ohio,Alabama,1513
Oklahoma,Alabama,725
Oregon,Alabama,593
Pennsylvania,Alabama,2690
Rhode Island,Alabama,43
South Carolina,Alabama,1968
South Dakota,Alabama,103
Tennessee,Alabama,7206
Texas,Alabama,6469
Utah,Alabama,362
Vermont,Alabama,173
Virginia,Alabama,4772
Washington,Alabama,871
West Virginia,Alabama,445
Wisconsin,Alabama,491
Wyoming,Alabama,164
Alabama,Alaska,279
Arizona,Alaska,658
Arkansas,Alaska,73
California,Alaska,3062
Colorado,Alaska,1815
Connecticut,Alaska,109
Delaware,Alaska,0
District of Columbia ,Alaska,0
Florida,Alaska,1473
Georgia,Alaska,1044
Hawaii,Alaska,732
Idaho,Alaska,544
Illinois,Alaska,819
Indiana,Alaska,138
Iowa,Alaska,193
Kansas,Alaska,434
Kentucky,Alaska,238
Louisiana,Alaska,210
Maine,Alaska,17
Maryland,Alaska,444
Massachusetts,Alaska,449
Michigan,Alaska,955
Minnesota,Alaska,1173
Mississippi,Alaska,0
Missouri,Alaska,905
Montana,Alaska,461
Nebraska,Alaska,233
Nevada,Alaska,2129
New Hampshire,Alaska,338
New Jersey,Alaska,0
New Mexico,Alaska,766
New York,Alaska,1028
North Carolina,Alaska,2078
North Dakota,Alaska,71
Ohio,Alaska,408
Oklahoma,Alaska,780
Oregon,Alaska,1389
Pennsylvania,Alaska,263
Rhode Island,Alaska,0
South Carolina,Alaska,873
South Dakota,Alaska,312
Tennessee,Alaska,133
Texas,Alaska,2196
Utah,Alaska,337
Vermont,Alaska,53
Virginia,Alaska,521
Washington,Alaska,3988
West Virginia,Alaska,0
Wisconsin,Alaska,161
Wyoming,Alaska,414
Alabama,Arizona,607
Alaska,Arizona,2519
Arkansas,Arizona,553
California,Arizona,54646
Colorado,Arizona,11039
Connecticut,Arizona,2417
Delaware,Arizona,927
District of Columbia ,Arizona,330
Florida,Arizona,7833
Georgia,Arizona,3671
Hawaii,Arizona,2069
Idaho,Arizona,2835
Illinois,Arizona,11017
Indiana,Arizona,4087
Iowa,Arizona,3963
Kansas,Arizona,2625
Kentucky,Arizona,3599
Louisiana,Arizona,1801
Maine,Arizona,780
Maryland,Arizona,2105
Massachusetts,Arizona,3030
Michigan,Arizona,9069
Minnesota,Arizona,8499
Mississippi,Arizona,544
Missouri,Arizona,4069
Montana,Arizona,1798
Nebraska,Arizona,986
Nevada,Arizona,7153
New Hampshire,Arizona,445
New Jersey,Arizona,2782
New Mexico,Arizona,8030
New York,Arizona,5564
North Carolina,Arizona,5323
North Dakota,Arizona,1150
Ohio,Arizona,5147
Oklahoma,Arizona,3906
Oregon,Arizona,7163
Pennsylvania,Arizona,3910
Rhode Island,Arizona,298
South Carolina,Arizona,842
South Dakota,Arizona,1582
Tennessee,Arizona,3253
Texas,Arizona,13025
Utah,Arizona,10165
Vermont,Arizona,406
Virginia,Arizona,3801
Washington,Arizona,14183
West Virginia,Arizona,0
Wisconsin,Arizona,5262
Wyoming,Arizona,2473
Alabama,Arkansas,956
Alaska,Arkansas,205
Arizona,Arkansas,1683
California,Arkansas,5075
Colorado,Arkansas,2429
Connecticut,Arkansas,0
Delaware,Arkansas,79
District of Columbia ,Arkansas,196
Florida,Arkansas,2641
Georgia,Arkansas,2407
Hawaii,Arkansas,45
Idaho,Arkansas,214
Illinois,Arkansas,2999
Indiana,Arkansas,784
Iowa,Arkansas,589
Kansas,Arkansas,2036
Kentucky,Arkansas,497
Louisiana,Arkansas,3601
Maine,Arkansas,0
Maryland,Arkansas,70
Massachusetts,Arkansas,521
Michigan,Arkansas,1922
Minnesota,Arkansas,114
Mississippi,Arkansas,3415
Missouri,Arkansas,6367
Montana,Arkansas,1058
Nebraska,Arkansas,337
Nevada,Arkansas,292
New Hampshire,Arkansas,0
New Jersey,Arkansas,122
New Mexico,Arkansas,645
New York,Arkansas,395
North Carolina,Arkansas,2006
North Dakota,Arkansas,143
Ohio,Arkansas,777
Oklahoma,Arkansas,7505
Oregon,Arkansas,34
Pennsylvania,Arkansas,358
Rhode Island,Arkansas,0
South Carolina,Arkansas,311
South Dakota,Arkansas,146
Tennessee,Arkansas,6033
Texas,Arkansas,17708
Utah,Arkansas,445
Vermont,Arkansas,36
Virginia,Arkansas,2355
Washington,Arkansas,313
West Virginia,Arkansas,143
Wisconsin,Arkansas,1312
Wyoming,Arkansas,275
Alabama,California,5273
Alaska,California,6022
Arizona,California,34204
Arkansas,California,2867
Colorado,California,21157
Connecticut,California,6205
Delaware,California,1118
District of Columbia ,California,3908
Florida,California,25638
Georgia,California,11630
Hawaii,California,10475
Idaho,California,5840
Illinois,California,26189
Indiana,California,8650
Iowa,California,1394
Kansas,California,3943
Kentucky,California,3781
Louisiana,California,6324
Maine,California,1745
Maryland,California,9981
Massachusetts,California,12628
Michigan,California,8852
Minnesota,California,4887
Mississippi,California,2539
Missouri,California,6465
Montana,California,2017
Nebraska,California,3282
Nevada,California,25332
New Hampshire,California,1859
New Jersey,California,12890
New Mexico,California,5239
New York,California,36896
North Carolina,California,12463
North Dakota,California,1035
Ohio,California,12836
Oklahoma,California,8350
Oregon,California,20838
Pennsylvania,California,13595
Rhode Island,California,2179
South Carolina,California,6301
South Dakota,California,610
Tennessee,California,8781
Texas,California,41713
Utah,California,8814
Vermont,California,766
Virginia,California,15009
Washington,California,33131
West Virginia,California,413
Wisconsin,California,6741
Wyoming,California,1672
Alabama,Colorado,2392
Alaska,Colorado,1653
Arizona,Colorado,10254
Arkansas,Colorado,1527
California,Colorado,29029
Connecticut,Colorado,2253
Delaware,Colorado,77
District of Columbia ,Colorado,1132
Florida,Colorado,12623
Georgia,Colorado,4644
Hawaii,Colorado,4277
Idaho,Colorado,1692
Illinois,Colorado,11398
Indiana,Colorado,1982
Iowa,Colorado,2718
Kansas,Colorado,6294
Kentucky,Colorado,1678
Louisiana,Colorado,3007
Maine,Colorado,185
Maryland,Colorado,2286
Massachusetts,Colorado,2378
Michigan,Colorado,3739
Minnesota,Colorado,5443
Mississippi,Colorado,881
Missouri,Colorado,6798
Montana,Colorado,910
Nebraska,Colorado,4201
Nevada,Colorado,3723
New Hampshire,Colorado,583
New Jersey,Colorado,3227
New Mexico,Colorado,6393
New York,Colorado,5748
North Carolina,Colorado,3489
North Dakota,Colorado,1388
Ohio,Colorado,3263
Oklahoma,Colorado,3072
Oregon,Colorado,4836
Pennsylvania,Colorado,4870
Rhode Island,Colorado,43
South Carolina,Colorado,2410
South Dakota,Colorado,732
Tennessee,Colorado,2314
Texas,Colorado,25268
Utah,Colorado,4064
Vermont,Colorado,1094
Virginia,Colorado,7686
Washington,Colorado,7368
West Virginia,Colorado,1232
Wisconsin,Colorado,5916
Wyoming,Colorado,3275
Alabama,Connecticut,163
Alaska,Connecticut,68
Arizona,Connecticut,187
Arkansas,Connecticut,0
California,Connecticut,4240
Colorado,Connecticut,467
Delaware,Connecticut,344
District of Columbia ,Connecticut,379
Florida,Connecticut,6122
Georgia,Connecticut,1268
Hawaii,Connecticut,429
Idaho,Connecticut,51
Illinois,Connecticut,1696
Indiana,Connecticut,777
Iowa,Connecticut,362
Kansas,Connecticut,135
Kentucky,Connecticut,30
Louisiana,Connecticut,139
Maine,Connecticut,939
Maryland,Connecticut,917
Massachusetts,Connecticut,9498
Michigan,Connecticut,467
Minnesota,Connecticut,548
Mississippi,Connecticut,84
Missouri,Connecticut,638
Montana,Connecticut,0
Nebraska,Connecticut,0
Nevada,Connecticut,127
New Hampshire,Connecticut,1202
New Jersey,Connecticut,3688
New Mexico,Connecticut,725
New York,Connecticut,23820
North Carolina,Connecticut,1394
North Dakota,Connecticut,95
Ohio,Connecticut,1836
Oklahoma,Connecticut,265
Oregon,Connecticut,290
Pennsylvania,Connecticut,2348
Rhode Island,Connecticut,3035
South Carolina,Connecticut,926
South Dakota,Connecticut,362
Tennessee,Connecticut,237
Texas,Connecticut,2519
Utah,Connecticut,95
Vermont,Connecticut,262
Virginia,Connecticut,2301
Washington,Connecticut,1236
West Virginia,Connecticut,63
Wisconsin,Connecticut,223
Wyoming,Connecticut,0
Alabama,Delaware,76
Alaska,Delaware,344
Arizona,Delaware,282
Arkansas,Delaware,0
California,Delaware,725
Colorado,Delaware,192
Connecticut,Delaware,508
District of Columbia ,Delaware,279
Florida,Delaware,883
Georgia,Delaware,327
Hawaii,Delaware,0
Idaho,Delaware,0
Illinois,Delaware,632
Indiana,Delaware,207
Iowa,Delaware,124
Kansas,Delaware,154
Kentucky,Delaware,75
Louisiana,Delaware,0
Maine,Delaware,376
Maryland,Delaware,6749
Massachusetts,Delaware,1161
Michigan,Delaware,162
Minnesota,Delaware,81
Mississippi,Delaware,26
Missouri,Delaware,82
Montana,Delaware,0
Nebraska,Delaware,0
Nevada,Delaware,0
New Hampshire,Delaware,47
New Jersey,Delaware,4345
New Mexico,Delaware,846
New York,Delaware,4759
North Carolina,Delaware,1504
North Dakota,Delaware,423
Ohio,Delaware,92
Oklahoma,Delaware,54
Oregon,Delaware,90
Pennsylvania,Delaware,13965
Rhode Island,Delaware,0
South Carolina,Delaware,659
South Dakota,Delaware,0
Tennessee,Delaware,82
Texas,Delaware,1423
Utah,Delaware,32
Vermont,Delaware,78
Virginia,Delaware,2112
Washington,Delaware,420
West Virginia,Delaware,119
Wisconsin,Delaware,0
Wyoming,Delaware,0
Alabama,District of Columbia ,359
Alaska,District of Columbia ,235
Arizona,District of Columbia ,367
Arkansas,District of Columbia ,203
California,District of Columbia ,4119
Colorado,District of Columbia ,433
Connecticut,District of Columbia ,1292
Delaware,District of Columbia ,252
Florida,District of Columbia ,2731
Georgia,District of Columbia ,1013
Hawaii,District of Columbia ,52
Idaho,District of Columbia ,5
Illinois,District of Columbia ,785
Indiana,District of Columbia ,748
Iowa,District of Columbia ,135
Kansas,District of Columbia ,33
Kentucky,District of Columbia ,275
Louisiana,District of Columbia ,392
Maine,District of Columbia ,258
Maryland,District of Columbia ,14726
Massachusetts,District of Columbia ,2876
Michigan,District of Columbia ,1308
Minnesota,District of Columbia ,545
Mississippi,District of Columbia ,338
Missouri,District of Columbia ,141
Montana,District of Columbia ,0
Nebraska,District of Columbia ,674
Nevada,District of Columbia ,68
New Hampshire,District of Columbia ,47
New Jersey,District of Columbia ,1804
New Mexico,District of Columbia ,40
New York,District of Columbia ,5133
North Carolina,District of Columbia ,1501
North Dakota,District of Columbia ,0
Ohio,District of Columbia ,1027
Oklahoma,District of Columbia ,150
Oregon,District of Columbia ,157
Pennsylvania,District of Columbia ,1999
Rhode Island,District of Columbia ,234
South Carolina,District of Columbia ,1806
South Dakota,District of Columbia ,9
Tennessee,District of Columbia ,873
Texas,District of Columbia ,1314
Utah,District of Columbia ,177
Vermont,District of Columbia ,117
Virginia,District of Columbia ,8028
Washington,District of Columbia ,134
West Virginia,District of Columbia ,478
Wisconsin,District of Columbia ,514
Wyoming,District of Columbia ,0
Alabama,Florida,15449
Alaska,Florida,1553
Arizona,Florida,7168
Arkansas,Florida,6850
California,Florida,21217
Colorado,Florida,9206
Connecticut,Florida,14887
Delaware,Florida,1685
District of Columbia ,Florida,1512
Georgia,Florida,38654
Hawaii,Florida,2978
Idaho,Florida,846
Illinois,Florida,26406
Indiana,Florida,13396
Iowa,Florida,3142
Kansas,Florida,3648
Kentucky,Florida,10036
Louisiana,Florida,6560
Maine,Florida,5178
Maryland,Florida,16449
Massachusetts,Florida,16651
Michigan,Florida,26138
Minnesota,Florida,5433
Mississippi,Florida,5415
Missouri,Florida,10480
Montana,Florida,1150
Nebraska,Florida,1706
Nevada,Florida,6008
New Hampshire,Florida,5175
New Jersey,Florida,29390
New Mexico,Florida,3762
New York,Florida,69289
North Carolina,Florida,24003
North Dakota,Florida,1363
Ohio,Florida,27403
Oklahoma,Florida,2710
Oregon,Florida,1568
Pennsylvania,Florida,28826
Rhode Island,Florida,2523
South Carolina,Florida,13949
South Dakota,Florida,1400
Tennessee,Florida,19864
Texas,Florida,29706
Utah,Florida,1932
Vermont,Florida,1480
Virginia,Florida,23377
Washington,Florida,3819
West Virginia,Florida,3479
Wisconsin,Florida,9195
Wyoming,Florida,924
Alabama,Georgia,16372
Alaska,Georgia,669
Arizona,Georgia,1713
Arkansas,Georgia,1668
California,Georgia,15675
Colorado,Georgia,4456
Connecticut,Georgia,1995
Delaware,Georgia,205
District of Columbia ,Georgia,652
Florida,Georgia,47286
Hawaii,Georgia,995
Idaho,Georgia,230
Illinois,Georgia,9960
Indiana,Georgia,5212
Iowa,Georgia,908
Kansas,Georgia,2614
Kentucky,Georgia,5313
Louisiana,Georgia,3277
Maine,Georgia,735
Maryland,Georgia,4328
Massachusetts,Georgia,2496
Michigan,Georgia,5744
Minnesota,Georgia,3078
Mississippi,Georgia,4395
Missouri,Georgia,4897
Montana,Georgia,185
Nebraska,Georgia,1010
Nevada,Georgia,2526
New Hampshire,Georgia,649
New Jersey,Georgia,7403
New Mexico,Georgia,1122
New York,Georgia,14853
North Carolina,Georgia,16095
North Dakota,Georgia,0
Ohio,Georgia,7840
Oklahoma,Georgia,1543
Oregon,Georgia,1528
Pennsylvania,Georgia,6493
Rhode Island,Georgia,205
South Carolina,Georgia,17395
South Dakota,Georgia,0
Tennessee,Georgia,18087
Texas,Georgia,16078
Utah,Georgia,1523
Vermont,Georgia,157
Virginia,Georgia,15852
Washington,Georgia,2377
West Virginia,Georgia,1300
Wisconsin,Georgia,3352
Wyoming,Georgia,879
Alabama,Hawaii,240
Alaska,Hawaii,164
Arizona,Hawaii,2701
Arkansas,Hawaii,194
California,Hawaii,10952
Colorado,Hawaii,1618
Connecticut,Hawaii,781
Delaware,Hawaii,0
District of Columbia ,Hawaii,159
Florida,Hawaii,2013
Georgia,Hawaii,1231
Idaho,Hawaii,359
Illinois,Hawaii,1936
Indiana,Hawaii,471
Iowa,Hawaii,308
Kansas,Hawaii,917
Kentucky,Hawaii,1108
Louisiana,Hawaii,455
Maine,Hawaii,255
Maryland,Hawaii,654
Massachusetts,Hawaii,601
Michigan,Hawaii,834
Minnesota,Hawaii,733
Mississippi,Hawaii,164
Missouri,Hawaii,633
Montana,Hawaii,98
Nebraska,Hawaii,191
Nevada,Hawaii,1193
New Hampshire,Hawaii,80
New Jersey,Hawaii,524
New Mexico,Hawaii,115
New York,Hawaii,2191
North Carolina,Hawaii,2486
North Dakota,Hawaii,0
Ohio,Hawaii,539
Oklahoma,Hawaii,1041
Oregon,Hawaii,2244
Pennsylvania,Hawaii,981
Rhode Island,Hawaii,429
South Carolina,Hawaii,1214
South Dakota,Hawaii,0
Tennessee,Hawaii,331
Texas,Hawaii,2031
Utah,Hawaii,1707
Vermont,Hawaii,0
Virginia,Hawaii,3402
Washington,Hawaii,3176
West Virginia,Hawaii,130
Wisconsin,Hawaii,158
Wyoming,Hawaii,0
Alabama,Idaho,564
Alaska,Idaho,1061
Arizona,Idaho,3152
Arkansas,Idaho,1441
California,Idaho,18928
Colorado,Idaho,3659
Connecticut,Idaho,127
Delaware,Idaho,0
District of Columbia ,Idaho,0
Florida,Idaho,1864
Georgia,Idaho,1079
Hawaii,Idaho,0
Illinois,Idaho,857
Indiana,Idaho,147
Iowa,Idaho,120
Kansas,Idaho,1201
Kentucky,Idaho,792
Louisiana,Idaho,240
Maine,Idaho,128
Maryland,Idaho,170
Massachusetts,Idaho,457
Michigan,Idaho,100
Minnesota,Idaho,533
Mississippi,Idaho,0
Missouri,Idaho,1864
Montana,Idaho,1466
Nebraska,Idaho,0
Nevada,Idaho,1891
New Hampshire,Idaho,119
New Jersey,Idaho,27
New Mexico,Idaho,391
New York,Idaho,1003
North Carolina,Idaho,226
North Dakota,Idaho,833
Ohio,Idaho,563
Oklahoma,Idaho,567
Oregon,Idaho,7295
Pennsylvania,Idaho,217
Rhode Island,Idaho,0
South Carolina,Idaho,196
South Dakota,Idaho,152
Tennessee,Idaho,419
Texas,Idaho,2959
Utah,Idaho,6625
Vermont,Idaho,343
Virginia,Idaho,689
Washington,Idaho,6499
West Virginia,Idaho,441
Wisconsin,Idaho,122
Wyoming,Idaho,2282
Alabama,Illinois,1853
Alaska,Illinois,350
Arizona,Illinois,6776
Arkansas,Illinois,1452
California,Illinois,18953
Colorado,Illinois,3998
Connecticut,Illinois,1473
Delaware,Illinois,171
District of Columbia ,Illinois,1050
Florida,Illinois,11428
Georgia,Illinois,5581
Hawaii,Illinois,1697
Idaho,Illinois,474
Indiana,Illinois,14473
Iowa,Illinois,9969
Kansas,Illinois,1267
Kentucky,Illinois,2654
Louisiana,Illinois,2022
Maine,Illinois,563
Maryland,Illinois,2549
Massachusetts,Illinois,3460
Michigan,Illinois,11936
Minnesota,Illinois,4832
Mississippi,Illinois,2503
Missouri,Illinois,15395
Montana,Illinois,636
Nebraska,Illinois,1791
Nevada,Illinois,2266
New Hampshire,Illinois,170
New Jersey,Illinois,3259
New Mexico,Illinois,757
New York,Illinois,6923
North Carolina,Illinois,4458
North Dakota,Illinois,418
Ohio,Illinois,10281
Oklahoma,Illinois,2549
Oregon,Illinois,1838
Pennsylvania,Illinois,4810
Rhode Island,Illinois,438
South Carolina,Illinois,1805
South Dakota,Illinois,295
Tennessee,Illinois,5566
Texas,Illinois,11719
Utah,Illinois,607
Vermont,Illinois,302
Virginia,Illinois,5804
Washington,Illinois,3377
West Virginia,Illinois,808
Wisconsin,Illinois,11785
Wyoming,Illinois,287
Alabama,Indiana,2130
Alaska,Indiana,0
Arizona,Indiana,2871
Arkansas,Indiana,640
California,Indiana,6407
Colorado,Indiana,2271
Connecticut,Indiana,681
Delaware,Indiana,105
District of Columbia ,Indiana,71
Florida,Indiana,7523
Georgia,Indiana,3710
Hawaii,Indiana,405
Idaho,Indiana,1176
Illinois,Indiana,34221
Iowa,Indiana,514
Kansas,Indiana,1037
Kentucky,Indiana,13386
Louisiana,Indiana,968
Maine,Indiana,698
Maryland,Indiana,811
Massachusetts,Indiana,1172
Michigan,Indiana,11465
Minnesota,Indiana,1620
Mississippi,Indiana,646
Missouri,Indiana,3176
Montana,Indiana,970
Nebraska,Indiana,874
Nevada,Indiana,2359
New Hampshire,Indiana,116
New Jersey,Indiana,2120
New Mexico,Indiana,802
New York,Indiana,3175
North Carolina,Indiana,2802
North Dakota,Indiana,887
Ohio,Indiana,12940
Oklahoma,Indiana,1244
Oregon,Indiana,100
Pennsylvania,Indiana,2827
Rhode Island,Indiana,166
South Carolina,Indiana,577
South Dakota,Indiana,130
Tennessee,Indiana,3491
Texas,Indiana,5878
Utah,Indiana,709
Vermont,Indiana,168
Virginia,Indiana,2886
Washington,Indiana,1210
West Virginia,Indiana,29
Wisconsin,Indiana,3193
Wyoming,Indiana,172
Alabama,Iowa,285
Alaska,Iowa,734
Arizona,Iowa,3069
Arkansas,Iowa,1926
California,Iowa,2899
Colorado,Iowa,2158
Connecticut,Iowa,173
Delaware,Iowa,0
District of Columbia ,Iowa,112
Florida,Iowa,3498
Georgia,Iowa,1449
Hawaii,Iowa,360
Idaho,Iowa,665
Illinois,Iowa,19702
Indiana,Iowa,1564
Kansas,Iowa,1090
Kentucky,Iowa,194
Louisiana,Iowa,604
Maine,Iowa,137
Maryland,Iowa,287
Massachusetts,Iowa,487
Michigan,Iowa,730
Minnesota,Iowa,8401
Mississippi,Iowa,433
Missouri,Iowa,4932
Montana,Iowa,123
Nebraska,Iowa,7216
Nevada,Iowa,659
New Hampshire,Iowa,269
New Jersey,Iowa,698
New Mexico,Iowa,403
New York,Iowa,295
North Carolina,Iowa,852
North Dakota,Iowa,287
Ohio,Iowa,2013
Oklahoma,Iowa,1391
Oregon,Iowa,605
Pennsylvania,Iowa,154
Rhode Island,Iowa,95
South Carolina,Iowa,875
South Dakota,Iowa,1535
Tennessee,Iowa,1747
Texas,Iowa,4325
Utah,Iowa,77
Vermont,Iowa,95
Virginia,Iowa,834
Washington,Iowa,2086
West Virginia,Iowa,45
Wisconsin,Iowa,3140
Wyoming,Iowa,229
Alabama,Kansas,717
Alaska,Kansas,201
Arizona,Kansas,2079
Arkansas,Kansas,1504
California,Kansas,6137
Colorado,Kansas,5327
Connecticut,Kansas,436
Delaware,Kansas,340
District of Columbia ,Kansas,125
Florida,Kansas,3364
Georgia,Kansas,2002
Hawaii,Kansas,457
Idaho,Kansas,76
Illinois,Kansas,2870
Indiana,Kansas,1470
Iowa,Kansas,2970
Kentucky,Kansas,1612
Louisiana,Kansas,458
Maine,Kansas,145
Maryland,Kansas,815
Massachusetts,Kansas,621
Michigan,Kansas,2205
Minnesota,Kansas,729
Mississippi,Kansas,20
Missouri,Kansas,21840
Montana,Kansas,6
Nebraska,Kansas,3138
Nevada,Kansas,460
New Hampshire,Kansas,189
New Jersey,Kansas,759
New Mexico,Kansas,1425
New York,Kansas,1665
North Carolina,Kansas,1982
North Dakota,Kansas,7
Ohio,Kansas,1085
Oklahoma,Kansas,4626
Oregon,Kansas,673
Pennsylvania,Kansas,1412
Rhode Island,Kansas,0
South Carolina,Kansas,683
South Dakota,Kansas,95
Tennessee,Kansas,1928
Texas,Kansas,7577
Utah,Kansas,1767
Vermont,Kansas,0
Virginia,Kansas,1053
Washington,Kansas,1548
West Virginia,Kansas,160
Wisconsin,Kansas,189
Wyoming,Kansas,393
Alabama,Kentucky,1463
Alaska,Kentucky,237
Arizona,Kentucky,772
Arkansas,Kentucky,516
California,Kentucky,4828
Colorado,Kentucky,1510
Connecticut,Kentucky,371
Delaware,Kentucky,391
District of Columbia ,Kentucky,211
Florida,Kentucky,7031
Georgia,Kentucky,4830
Hawaii,Kentucky,373
Idaho,Kentucky,0
Illinois,Kentucky,4776
Indiana,Kentucky,9982
Iowa,Kentucky,750
Kansas,Kentucky,1976
Louisiana,Kentucky,280
Maine,Kentucky,477
Maryland,Kentucky,2040
Massachusetts,Kentucky,1197
Michigan,Kentucky,2617
Minnesota,Kentucky,509
Mississippi,Kentucky,528
Missouri,Kentucky,1731
Montana,Kentucky,0
Nebraska,Kentucky,894
Nevada,Kentucky,404
New Hampshire,Kentucky,22
New Jersey,Kentucky,273
New Mexico,Kentucky,463
New York,Kentucky,3383
North Carolina,Kentucky,3622
North Dakota,Kentucky,49
Ohio,Kentucky,14779
Oklahoma,Kentucky,786
Oregon,Kentucky,1143
Pennsylvania,Kentucky,3135
Rhode Island,Kentucky,0
South Carolina,Kentucky,1967
South Dakota,Kentucky,0
Tennessee,Kentucky,12533
Texas,Kentucky,5595
Utah,Kentucky,327
Vermont,Kentucky,0
Virginia,Kentucky,2015
Washington,Kentucky,1668
West Virginia,Kentucky,3349
Wisconsin,Kentucky,590
Wyoming,Kentucky,525
Alabama,Louisiana,3318
Alaska,Louisiana,101
Arizona,Louisiana,279
Arkansas,Louisiana,2993
California,Louisiana,7318
Colorado,Louisiana,1178
Connecticut,Louisiana,164
Delaware,Louisiana,15
District of Columbia ,Louisiana,92
Florida,Louisiana,5404
Georgia,Louisiana,4077
Hawaii,Louisiana,302
Idaho,Louisiana,60
Illinois,Louisiana,2942
Indiana,Louisiana,1120
Iowa,Louisiana,457
Kansas,Louisiana,1115
Kentucky,Louisiana,2009
Maine,Louisiana,47
Maryland,Louisiana,1149
Massachusetts,Louisiana,837
Michigan,Louisiana,1776
Minnesota,Louisiana,592
Mississippi,Louisiana,11095
Missouri,Louisiana,738
Montana,Louisiana,57
Nebraska,Louisiana,112
Nevada,Louisiana,731
New Hampshire,Louisiana,51
New Jersey,Louisiana,1715
New Mexico,Louisiana,524
New York,Louisiana,4417
North Carolina,Louisiana,2292
North Dakota,Louisiana,205
Ohio,Louisiana,1492
Oklahoma,Louisiana,2282
Oregon,Louisiana,112
Pennsylvania,Louisiana,1831
Rhode Island,Louisiana,161
South Carolina,Louisiana,1505
South Dakota,Louisiana,0
Tennessee,Louisiana,2957
Texas,Louisiana,19863
Utah,Louisiana,180
Vermont,Louisiana,0
Virginia,Louisiana,1732
Washington,Louisiana,1486
West Virginia,Louisiana,90
Wisconsin,Louisiana,322
Wyoming,Louisiana,26
Alabama,Maine,0
Alaska,Maine,32
Arizona,Maine,256
Arkansas,Maine,0
California,Maine,1286
Colorado,Maine,585
Connecticut,Maine,1616
Delaware,Maine,0
District of Columbia ,Maine,120
Florida,Maine,2602
Georgia,Maine,108
Hawaii,Maine,346
Idaho,Maine,89
Illinois,Maine,297
Indiana,Maine,172
Iowa,Maine,212
Kansas,Maine,356
Kentucky,Maine,292
Louisiana,Maine,617
Maryland,Maine,216
Massachusetts,Maine,4433
Michigan,Maine,168
Minnesota,Maine,25
Mississippi,Maine,0
Missouri,Maine,0
Montana,Maine,16
Nebraska,Maine,225
Nevada,Maine,29
New Hampshire,Maine,4443
New Jersey,Maine,1255
New Mexico,Maine,0
New York,Maine,1947
North Carolina,Maine,766
North Dakota,Maine,0
Ohio,Maine,478
Oklahoma,Maine,42
Oregon,Maine,471
Pennsylvania,Maine,987
Rhode Island,Maine,890
South Carolina,Maine,418
South Dakota,Maine,22
Tennessee,Maine,220
Texas,Maine,1817
Utah,Maine,159
Vermont,Maine,769
Virginia,Maine,480
Washington,Maine,429
West Virginia,Maine,35
Wisconsin,Maine,189
Wyoming,Maine,208
Alabama,Maryland,1526
Alaska,Maryland,361
Arizona,Maryland,2649
Arkansas,Maryland,54
California,Maryland,10859
Colorado,Maryland,3002
Connecticut,Maryland,2006
Delaware,Maryland,6454
District of Columbia ,Maryland,22051
Florida,Maryland,10321
Georgia,Maryland,5056
Hawaii,Maryland,3228
Idaho,Maryland,0
Illinois,Maryland,2248
Indiana,Maryland,2016
Iowa,Maryland,679
Kansas,Maryland,881
Kentucky,Maryland,391
Louisiana,Maryland,323
Maine,Maryland,109
Massachusetts,Maryland,3259
Michigan,Maryland,1915
Minnesota,Maryland,638
Mississippi,Maryland,767
Missouri,Maryland,1905
Montana,Maryland,148
Nebraska,Maryland,850
Nevada,Maryland,988
New Hampshire,Maryland,440
New Jersey,Maryland,7283
New Mexico,Maryland,344
New York,Maryland,10850
North Carolina,Maryland,5562
North Dakota,Maryland,184
Ohio,Maryland,3477
Oklahoma,Maryland,533
Oregon,Maryland,299
Pennsylvania,Maryland,14928
Rhode Island,Maryland,799
South Carolina,Maryland,1764
South Dakota,Maryland,96
Tennessee,Maryland,1634
Texas,Maryland,5611
Utah,Maryland,318
Vermont,Maryland,174
Virginia,Maryland,24293
Washington,Maryland,1561
West Virginia,Maryland,2605
Wisconsin,Maryland,1183
Wyoming,Maryland,272
Alabama,Massachusetts,269
Alaska,Massachusetts,459
Arizona,Massachusetts,2110
Arkansas,Massachusetts,576
California,Massachusetts,9519
Colorado,Massachusetts,2046
Connecticut,Massachusetts,8283
Delaware,Massachusetts,709
District of Columbia ,Massachusetts,1213
Florida,Massachusetts,11835
Georgia,Massachusetts,2383
Hawaii,Massachusetts,228
Idaho,Massachusetts,422
Illinois,Massachusetts,3192
Indiana,Massachusetts,1267
Iowa,Massachusetts,0
Kansas,Massachusetts,236
Kentucky,Massachusetts,122
Louisiana,Massachusetts,561
Maine,Massachusetts,3417
Maryland,Massachusetts,3696
Michigan,Massachusetts,1086
Minnesota,Massachusetts,1433
Mississippi,Massachusetts,499
Missouri,Massachusetts,1568
Montana,Massachusetts,30
Nebraska,Massachusetts,300
Nevada,Massachusetts,758
New Hampshire,Massachusetts,8220
New Jersey,Massachusetts,7201
New Mexico,Massachusetts,326
New York,Massachusetts,23014
North Carolina,Massachusetts,2114
North Dakota,Massachusetts,96
Ohio,Massachusetts,1377
Oklahoma,Massachusetts,500
Oregon,Massachusetts,967
Pennsylvania,Massachusetts,7538
Rhode Island,Massachusetts,7407
South Carolina,Massachusetts,1115
South Dakota,Massachusetts,0
Tennessee,Massachusetts,316
Texas,Massachusetts,4398
Utah,Massachusetts,405
Vermont,Massachusetts,3046
Virginia,Massachusetts,3444
Washington,Massachusetts,1828
West Virginia,Massachusetts,286
Wisconsin,Massachusetts,827
Wyoming,Massachusetts,0
Alabama,Michigan,1387
Alaska,Michigan,1701
Arizona,Michigan,4007
Arkansas,Michigan,992
California,Michigan,10202
Colorado,Michigan,1993
Connecticut,Michigan,764
Delaware,Michigan,114
District of Columbia ,Michigan,445
Florida,Michigan,11547
Georgia,Michigan,3687
Hawaii,Michigan,847
Idaho,Michigan,725
Illinois,Michigan,13252
Indiana,Michigan,9300
Iowa,Michigan,594
Kansas,Michigan,2267
Kentucky,Michigan,2111
Louisiana,Michigan,1291
Maine,Michigan,590
Maryland,Michigan,1214
Massachusetts,Michigan,3158
Minnesota,Michigan,3209
Mississippi,Michigan,633
Missouri,Michigan,3104
Montana,Michigan,683
Nebraska,Michigan,395
Nevada,Michigan,2044
New Hampshire,Michigan,397
New Jersey,Michigan,1359
New Mexico,Michigan,868
New York,Michigan,4343
North Carolina,Michigan,3285
North Dakota,Michigan,879
Ohio,Michigan,14593
Oklahoma,Michigan,753
Oregon,Michigan,892
Pennsylvania,Michigan,5737
Rhode Island,Michigan,271
South Carolina,Michigan,1427
South Dakota,Michigan,558
Tennessee,Michigan,4846
Texas,Michigan,8466
Utah,Michigan,555
Vermont,Michigan,189
Virginia,Michigan,2836
Washington,Michigan,1951
West Virginia,Michigan,885
Wisconsin,Michigan,5136
Wyoming,Michigan,157
Alabama,Minnesota,105
Alaska,Minnesota,363
Arizona,Minnesota,3978
Arkansas,Minnesota,405
California,Minnesota,6739
Colorado,Minnesota,2709
Connecticut,Minnesota,578
Delaware,Minnesota,34
District of Columbia ,Minnesota,282
Florida,Minnesota,3502
Georgia,Minnesota,1344
Hawaii,Minnesota,270
Idaho,Minnesota,486
Illinois,Minnesota,6974
Indiana,Minnesota,965
Iowa,Minnesota,6996
Kansas,Minnesota,1272
Kentucky,Minnesota,608
Louisiana,Minnesota,382
Maine,Minnesota,77
Maryland,Minnesota,1270
Massachusetts,Minnesota,1369
Michigan,Minnesota,2742
Mississippi,Minnesota,220
Missouri,Minnesota,1812
Montana,Minnesota,760
Nebraska,Minnesota,2073
Nevada,Minnesota,427
New Hampshire,Minnesota,455
New Jersey,Minnesota,419
New Mexico,Minnesota,712
New York,Minnesota,3529
North Carolina,Minnesota,2622
North Dakota,Minnesota,7636
Ohio,Minnesota,2525
Oklahoma,Minnesota,661
Oregon,Minnesota,864
Pennsylvania,Minnesota,662
Rhode Island,Minnesota,144
South Carolina,Minnesota,330
South Dakota,Minnesota,5362
Tennessee,Minnesota,1773
Texas,Minnesota,4814
Utah,Minnesota,1100
Vermont,Minnesota,12
Virginia,Minnesota,4014
Washington,Minnesota,2404
West Virginia,Minnesota,34
Wisconsin,Minnesota,18934
Wyoming,Minnesota,728
Alabama,Mississippi,6827
Alaska,Mississippi,474
Arizona,Mississippi,337
Arkansas,Mississippi,1497
California,Mississippi,3566
Colorado,Mississippi,522
Connecticut,Mississippi,0
Delaware,Mississippi,0
District of Columbia ,Mississippi,0
Florida,Mississippi,6113
Georgia,Mississippi,3111
Hawaii,Mississippi,235
Idaho,Mississippi,262
Illinois,Mississippi,1371
Indiana,Mississippi,757
Iowa,Mississippi,328
Kansas,Mississippi,162
Kentucky,Mississippi,1002
Louisiana,Mississippi,8678
Maine,Mississippi,0
Maryland,Mississippi,681
Massachusetts,Mississippi,906
Michigan,Mississippi,957
Minnesota,Mississippi,10
Missouri,Mississippi,702
Montana,Mississippi,248
Nebraska,Mississippi,18
Nevada,Mississippi,732
New Hampshire,Mississippi,0
New Jersey,Mississippi,1604
New Mexico,Mississippi,106
New York,Mississippi,271
North Carolina,Mississippi,1088
North Dakota,Mississippi,0
Ohio,Mississippi,1109
Oklahoma,Mississippi,1190
Oregon,Mississippi,97
Pennsylvania,Mississippi,360
Rhode Island,Mississippi,0
South Carolina,Mississippi,731
South Dakota,Mississippi,0
Tennessee,Mississippi,9494
Texas,Mississippi,8842
Utah,Mississippi,70
Vermont,Mississippi,0
Virginia,Mississippi,1794
Washington,Mississippi,1589
West Virginia,Mississippi,725
Wisconsin,Mississippi,754
Wyoming,Mississippi,31
Alabama,Missouri,1449
Alaska,Missouri,920
Arizona,Missouri,3305
Arkansas,Missouri,7887
California,Missouri,9646
Colorado,Missouri,4791
Connecticut,Missouri,268
Delaware,Missouri,254
District of Columbia ,Missouri,405
Florida,Missouri,7190
Georgia,Missouri,2055
Hawaii,Missouri,1357
Idaho,Missouri,915
Illinois,Missouri,23915
Indiana,Missouri,3563
Iowa,Missouri,6004
Kansas,Missouri,20834
Kentucky,Missouri,1724
Louisiana,Missouri,690
Maine,Missouri,275
Maryland,Missouri,918
Massachusetts,Missouri,1719
Michigan,Missouri,1647
Minnesota,Missouri,2813
Mississippi,Missouri,1930
Montana,Missouri,99
Nebraska,Missouri,3820
Nevada,Missouri,1600
New Hampshire,Missouri,137
New Jersey,Missouri,1291
New Mexico,Missouri,685
New York,Missouri,3176
North Carolina,Missouri,4526
North Dakota,Missouri,392
Ohio,Missouri,4660
Oklahoma,Missouri,4893
Oregon,Missouri,2044
Pennsylvania,Missouri,1901
Rhode Island,Missouri,200
South Carolina,Missouri,1360
South Dakota,Missouri,858
Tennessee,Missouri,2940
Texas,Missouri,9634
Utah,Missouri,955
Vermont,Missouri,0
Virginia,Missouri,1867
Washington,Missouri,2611
West Virginia,Missouri,498
Wisconsin,Missouri,1932
Wyoming,Missouri,599
Alabama,Montana,0
Alaska,Montana,657
Arizona,Montana,1187
Arkansas,Montana,320
California,Montana,4339
Colorado,Montana,3268
Connecticut,Montana,0
Delaware,Montana,0
District of Columbia ,Montana,0
Florida,Montana,955
Georgia,Montana,568
Hawaii,Montana,99
Idaho,Montana,5182
Illinois,Montana,1012
Indiana,Montana,1564
Iowa,Montana,606
Kansas,Montana,301
Kentucky,Montana,102
Louisiana,Montana,0
Maine,Montana,201
Maryland,Montana,153
Massachusetts,Montana,39
Michigan,Montana,791
Minnesota,Montana,633
Mississippi,Montana,61
Missouri,Montana,1452
Nebraska,Montana,168
Nevada,Montana,1151
New Hampshire,Montana,283
New Jersey,Montana,133
New Mexico,Montana,21
New York,Montana,139
North Carolina,Montana,1358
North Dakota,Montana,1801
Ohio,Montana,294
Oklahoma,Montana,105
Oregon,Montana,408
Pennsylvania,Montana,143
Rhode Island,Montana,51
South Carolina,Montana,71
South Dakota,Montana,308
Tennessee,Montana,179
Texas,Montana,3235
Utah,Montana,1807
Vermont,Montana,15
Virginia,Montana,331
Washington,Montana,4959
West Virginia,Montana,50
Wisconsin,Montana,251
Wyoming,Montana,2009
Alabama,Nebraska,32
Alaska,Nebraska,122
Arizona,Nebraska,1489
Arkansas,Nebraska,741
California,Nebraska,3317
Colorado,Nebraska,3571
Connecticut,Nebraska,300
Delaware,Nebraska,34
District of Columbia ,Nebraska,13
Florida,Nebraska,1805
Georgia,Nebraska,556
Hawaii,Nebraska,110
Idaho,Nebraska,299
Illinois,Nebraska,4450
Indiana,Nebraska,539
Iowa,Nebraska,6081
Kansas,Nebraska,3294
Kentucky,Nebraska,508
Louisiana,Nebraska,516
Maine,Nebraska,586
Maryland,Nebraska,259
Massachusetts,Nebraska,40
Michigan,Nebraska,753
Minnesota,Nebraska,2156
Mississippi,Nebraska,218
Missouri,Nebraska,2276
Montana,Nebraska,307
Nevada,Nebraska,393
New Hampshire,Nebraska,0
New Jersey,Nebraska,45
New Mexico,Nebraska,1542
New York,Nebraska,834
North Carolina,Nebraska,818
North Dakota,Nebraska,575
Ohio,Nebraska,343
Oklahoma,Nebraska,1139
Oregon,Nebraska,299
Pennsylvania,Nebraska,692
Rhode Island,Nebraska,0
South Carolina,Nebraska,159
South Dakota,Nebraska,2117
Tennessee,Nebraska,478
Texas,Nebraska,4460
Utah,Nebraska,801
Vermont,Nebraska,8
Virginia,Nebraska,1003
Washington,Nebraska,785
West Virginia,Nebraska,0
Wisconsin,Nebraska,1341
Wyoming,Nebraska,746
Alabama,Nevada,1830
Alaska,Nevada,1017
Arizona,Nevada,5598
Arkansas,Nevada,50
California,Nevada,54765
Colorado,Nevada,2058
Connecticut,Nevada,1681
Delaware,Nevada,0
District of Columbia ,Nevada,94
Florida,Nevada,6001
Georgia,Nevada,868
Hawaii,Nevada,3747
Idaho,Nevada,2514
Illinois,Nevada,3552
Indiana,Nevada,2149
Iowa,Nevada,651
Kansas,Nevada,855
Kentucky,Nevada,707
Louisiana,Nevada,318
Maine,Nevada,66
Maryland,Nevada,816
Massachusetts,Nevada,792
Michigan,Nevada,2597
Minnesota,Nevada,2966
Mississippi,Nevada,152
Missouri,Nevada,778
Montana,Nevada,1481
Nebraska,Nevada,801
New Hampshire,Nevada,64
New Jersey,Nevada,522
New Mexico,Nevada,1388
New York,Nevada,3317
North Carolina,Nevada,1873
North Dakota,Nevada,309
Ohio,Nevada,1205
Oklahoma,Nevada,264
Oregon,Nevada,2575
Pennsylvania,Nevada,2102
Rhode Island,Nevada,325
South Carolina,Nevada,1374
South Dakota,Nevada,126
Tennessee,Nevada,123
Texas,Nevada,5271
Utah,Nevada,5845
Vermont,Nevada,0
Virginia,Nevada,1932
Washington,Nevada,6513
West Virginia,Nevada,280
Wisconsin,Nevada,1144
Wyoming,Nevada,543
Alabama,New Hampshire,125
Alaska,New Hampshire,0
Arizona,New Hampshire,669
Arkansas,New Hampshire,0
California,New Hampshire,2609
Colorado,New Hampshire,941
Connecticut,New Hampshire,2744
Delaware,New Hampshire,173
District of Columbia ,New Hampshire,291
Florida,New Hampshire,3039
Georgia,New Hampshire,227
Hawaii,New Hampshire,54
Idaho,New Hampshire,0
Illinois,New Hampshire,563
Indiana,New Hampshire,1052
Iowa,New Hampshire,109
Kansas,New Hampshire,0
Kentucky,New Hampshire,361
Louisiana,New Hampshire,394
Maine,New Hampshire,4956
Maryland,New Hampshire,307
Massachusetts,New Hampshire,19187
Michigan,New Hampshire,636
Minnesota,New Hampshire,431
Mississippi,New Hampshire,241
Missouri,New Hampshire,248
Montana,New Hampshire,0
Nebraska,New Hampshire,84
Nevada,New Hampshire,128
New Jersey,New Hampshire,581
New Mexico,New Hampshire,245
New York,New Hampshire,3364
North Carolina,New Hampshire,670
North Dakota,New Hampshire,0
Ohio,New Hampshire,565
Oklahoma,New Hampshire,0
Oregon,New Hampshire,351
Pennsylvania,New Hampshire,1259
Rhode Island,New Hampshire,931
South Carolina,New Hampshire,0
South Dakota,New Hampshire,0
Tennessee,New Hampshire,0
Texas,New Hampshire,1407
Utah,New Hampshire,0
Vermont,New Hampshire,3233
Virginia,New Hampshire,1039
Washington,New Hampshire,0
West Virginia,New Hampshire,28
Wisconsin,New Hampshire,204
Wyoming,New Hampshire,0
Alabama,New Jersey,250
Alaska,New Jersey,839
Arizona,New Jersey,1521
Arkansas,New Jersey,243
California,New Jersey,5447
Colorado,New Jersey,768
Connecticut,New Jersey,2781
Delaware,New Jersey,1142
District of Columbia ,New Jersey,845
Florida,New Jersey,9284
Georgia,New Jersey,3630
Hawaii,New Jersey,597
Idaho,New Jersey,0
Illinois,New Jersey,2438
Indiana,New Jersey,1693
Iowa,New Jersey,77
Kansas,New Jersey,275
Kentucky,New Jersey,205
Louisiana,New Jersey,1933
Maine,New Jersey,306
Maryland,New Jersey,3215
Massachusetts,New Jersey,4901
Michigan,New Jersey,1616
Minnesota,New Jersey,715
Mississippi,New Jersey,273
Missouri,New Jersey,607
Montana,New Jersey,0
Nebraska,New Jersey,214
Nevada,New Jersey,716
New Hampshire,New Jersey,517
New Mexico,New Jersey,935
New York,New Jersey,50792
North Carolina,New Jersey,4947
North Dakota,New Jersey,48
Ohio,New Jersey,1660
Oklahoma,New Jersey,235
Oregon,New Jersey,423
Pennsylvania,New Jersey,23371
Rhode Island,New Jersey,672
South Carolina,New Jersey,2805
South Dakota,New Jersey,72
Tennessee,New Jersey,869
Texas,New Jersey,4778
Utah,New Jersey,36
Vermont,New Jersey,204
Virginia,New Jersey,3124
Washington,New Jersey,1152
West Virginia,New Jersey,457
Wisconsin,New Jersey,240
Wyoming,New Jersey,206
Alabama,New Mexico,356
Alaska,New Mexico,278
Arizona,New Mexico,3441
Arkansas,New Mexico,42
California,New Mexico,6721
Colorado,New Mexico,5395
Connecticut,New Mexico,161
Delaware,New Mexico,0
District of Columbia ,New Mexico,0
Florida,New Mexico,2150
Georgia,New Mexico,1120
Hawaii,New Mexico,638
Idaho,New Mexico,611
Illinois,New Mexico,1267
Indiana,New Mexico,428
Iowa,New Mexico,181
Kansas,New Mexico,303
Kentucky,New Mexico,329
Louisiana,New Mexico,218
Maine,New Mexico,663
Maryland,New Mexico,539
Massachusetts,New Mexico,483
Michigan,New Mexico,1159
Minnesota,New Mexico,318
Mississippi,New Mexico,1327
Missouri,New Mexico,343
Montana,New Mexico,278
Nebraska,New Mexico,0
Nevada,New Mexico,688
New Hampshire,New Mexico,112
New Jersey,New Mexico,747
New York,New Mexico,1632
North Carolina,New Mexico,540
North Dakota,New Mexico,0
Ohio,New Mexico,1322
Oklahoma,New Mexico,1311
Oregon,New Mexico,175
Pennsylvania,New Mexico,473
Rhode Island,New Mexico,87
South Carolina,New Mexico,1098
South Dakota,New Mexico,0
Tennessee,New Mexico,660
Texas,New Mexico,12101
Utah,New Mexico,1452
Vermont,New Mexico,128
Virginia,New Mexico,2350
Washington,New Mexico,1435
West Virginia,New Mexico,129
Wisconsin,New Mexico,120
Wyoming,New Mexico,444
Alabama,New York,850
Alaska,New York,1020
Arizona,New York,5993
Arkansas,New York,1054
California,New York,25510
Colorado,New York,3101
Connecticut,New York,11684
Delaware,New York,1231
District of Columbia ,New York,5619
Florida,New York,26192
Georgia,New York,6462
Hawaii,New York,482
Idaho,New York,0
Illinois,New York,6499
Indiana,New York,2426
Iowa,New York,589
Kansas,New York,1061
Kentucky,New York,1115
Louisiana,New York,1790
Maine,New York,1138
Maryland,New York,7167
Massachusetts,New York,16726
Michigan,New York,4390
Minnesota,New York,1876
Mississippi,New York,1083
Missouri,New York,2441
Montana,New York,292
Nebraska,New York,144
Nevada,New York,1116
New Hampshire,New York,1668
New Jersey,New York,34588
New Mexico,New York,969
North Carolina,New York,8543
North Dakota,New York,260
Ohio,New York,3256
Oklahoma,New York,1472
Oregon,New York,1624
Pennsylvania,New York,25385
Rhode Island,New York,944
South Carolina,New York,4912
South Dakota,New York,267
Tennessee,New York,2562
Texas,New York,12082
Utah,New York,1451
Vermont,New York,3118
Virginia,New York,8333
Washington,New York,3942
West Virginia,New York,1083
Wisconsin,New York,1781
Wyoming,New York,320
Alabama,North Carolina,3733
Alaska,North Carolina,578
Arizona,North Carolina,5963
Arkansas,North Carolina,707
California,North Carolina,16985
Colorado,North Carolina,3634
Connecticut,North Carolina,6709
Delaware,North Carolina,1676
District of Columbia ,North Carolina,3401
Florida,North Carolina,27771
Georgia,North Carolina,17676
Hawaii,North Carolina,2910
Idaho,North Carolina,729
Illinois,North Carolina,8100
Indiana,North Carolina,4903
Iowa,North Carolina,3180
Kansas,North Carolina,2260
Kentucky,North Carolina,4702
Louisiana,North Carolina,2632
Maine,North Carolina,1904
Maryland,North Carolina,11383
Massachusetts,North Carolina,5387
Michigan,North Carolina,6588
Minnesota,North Carolina,2635
Mississippi,North Carolina,721
Missouri,North Carolina,3207
Montana,North Carolina,576
Nebraska,North Carolina,1631
Nevada,North Carolina,1854
New Hampshire,North Carolina,1195
New Jersey,North Carolina,13233
New Mexico,North Carolina,1958
New York,North Carolina,23594
North Dakota,North Carolina,1176
Ohio,North Carolina,7405
Oklahoma,North Carolina,1067
Oregon,North Carolina,733
Pennsylvania,North Carolina,12979
Rhode Island,North Carolina,838
South Carolina,North Carolina,27321
South Dakota,North Carolina,1730
Tennessee,North Carolina,7575
Texas,North Carolina,15245
Utah,North Carolina,1278
Vermont,North Carolina,691
Virginia,North Carolina,31390
Washington,North Carolina,1883
West Virginia,North Carolina,3387
Wisconsin,North Carolina,1217
Wyoming,North Carolina,582
Alabama,North Dakota,0
Alaska,North Dakota,196
Arizona,North Dakota,1008
Arkansas,North Dakota,255
California,North Dakota,2601
Colorado,North Dakota,984
Connecticut,North Dakota,261
Delaware,North Dakota,0
District of Columbia ,North Dakota,0
Florida,North Dakota,367
Georgia,North Dakota,367
Hawaii,North Dakota,39
Idaho,North Dakota,205
Illinois,North Dakota,730
Indiana,North Dakota,150
Iowa,North Dakota,2500
Kansas,North Dakota,84
Kentucky,North Dakota,30
Louisiana,North Dakota,244
Maine,North Dakota,0
Maryland,North Dakota,307
Massachusetts,North Dakota,103
Michigan,North Dakota,1722
Minnesota,North Dakota,13712
Mississippi,North Dakota,238
Missouri,North Dakota,1187
Montana,North Dakota,1214
Nebraska,North Dakota,425
Nevada,North Dakota,262
New Hampshire,North Dakota,240
New Jersey,North Dakota,0
New Mexico,North Dakota,223
New York,North Dakota,1055
North Carolina,North Dakota,376
Ohio,North Dakota,928
Oklahoma,North Dakota,459
Oregon,North Dakota,22
Pennsylvania,North Dakota,24
Rhode Island,North Dakota,18
South Carolina,North Dakota,337
South Dakota,North Dakota,2300
Tennessee,North Dakota,420
Texas,North Dakota,3968
Utah,North Dakota,168
Vermont,North Dakota,0
Virginia,North Dakota,121
Washington,North Dakota,1675
West Virginia,North Dakota,199
Wisconsin,North Dakota,660
Wyoming,North Dakota,234
Alabama,Ohio,2038
Alaska,Ohio,1330
Arizona,Ohio,4257
Arkansas,Ohio,1404
California,Ohio,11145
Colorado,Ohio,3137
Connecticut,Ohio,2126
Delaware,Ohio,221
District of Columbia ,Ohio,1493
Florida,Ohio,12911
Georgia,Ohio,5971
Hawaii,Ohio,461
Idaho,Ohio,0
Illinois,Ohio,11733
Indiana,Ohio,11837
Iowa,Ohio,1418
Kansas,Ohio,1182
Kentucky,Ohio,13849
Louisiana,Ohio,1273
Maine,Ohio,643
Maryland,Ohio,3591
Massachusetts,Ohio,3603
Michigan,Ohio,13867
Minnesota,Ohio,1772
Mississippi,Ohio,890
Missouri,Ohio,3246
Montana,Ohio,285
Nebraska,Ohio,647
Nevada,Ohio,1959
New Hampshire,Ohio,1510
New Jersey,Ohio,3475
New Mexico,Ohio,443
New York,Ohio,11176
North Carolina,Ohio,6777
North Dakota,Ohio,329
Oklahoma,Ohio,1058
Oregon,Ohio,1539
Pennsylvania,Ohio,15932
Rhode Island,Ohio,307
South Carolina,Ohio,2804
South Dakota,Ohio,80
Tennessee,Ohio,5162
Texas,Ohio,11553
Utah,Ohio,602
Vermont,Ohio,110
Virginia,Ohio,8655
Washington,Ohio,2601
West Virginia,Ohio,9059
Wisconsin,Ohio,1977
Wyoming,Ohio,37
Alabama,Oklahoma,957
Alaska,Oklahoma,278
Arizona,Oklahoma,2495
Arkansas,Oklahoma,6881
California,Oklahoma,7753
Colorado,Oklahoma,4362
Connecticut,Oklahoma,66
Delaware,Oklahoma,666
District of Columbia ,Oklahoma,365
Florida,Oklahoma,3779
Georgia,Oklahoma,2757
Hawaii,Oklahoma,679
Idaho,Oklahoma,317
Illinois,Oklahoma,3493
Indiana,Oklahoma,905
Iowa,Oklahoma,658
Kansas,Oklahoma,10058
Kentucky,Oklahoma,660
Louisiana,Oklahoma,2604
Maine,Oklahoma,304
Maryland,Oklahoma,1186
Massachusetts,Oklahoma,1052
Michigan,Oklahoma,3298
Minnesota,Oklahoma,1015
Mississippi,Oklahoma,712
Missouri,Oklahoma,3709
Montana,Oklahoma,219
Nebraska,Oklahoma,977
Nevada,Oklahoma,701
New Hampshire,Oklahoma,119
New Jersey,Oklahoma,917
New Mexico,Oklahoma,2070
New York,Oklahoma,1922
North Carolina,Oklahoma,2083
North Dakota,Oklahoma,648
Ohio,Oklahoma,1872
Oregon,Oklahoma,275
Pennsylvania,Oklahoma,770
Rhode Island,Oklahoma,270
South Carolina,Oklahoma,945
South Dakota,Oklahoma,65
Tennessee,Oklahoma,1293
Texas,Oklahoma,28642
Utah,Oklahoma,1020
Vermont,Oklahoma,203
Virginia,Oklahoma,1686
Washington,Oklahoma,1457
West Virginia,Oklahoma,641
Wisconsin,Oklahoma,924
Wyoming,Oklahoma,150
Alabama,Oregon,654
Alaska,Oregon,1617
Arizona,Oregon,6349
Arkansas,Oregon,631
California,Oregon,40447
Colorado,Oregon,3011
Connecticut,Oregon,567
Delaware,Oregon,502
District of Columbia ,Oregon,789
Florida,Oregon,2795
Georgia,Oregon,1288
Hawaii,Oregon,3476
Idaho,Oregon,6377
Illinois,Oregon,1653
Indiana,Oregon,826
Iowa,Oregon,1553
Kansas,Oregon,582
Kentucky,Oregon,0
Louisiana,Oregon,1601
Maine,Oregon,234
Maryland,Oregon,878
Massachusetts,Oregon,2295
Michigan,Oregon,1644
Minnesota,Oregon,2035
Mississippi,Oregon,146
Missouri,Oregon,1668
Montana,Oregon,3424
Nebraska,Oregon,370
Nevada,Oregon,2855
New Hampshire,Oregon,1292
New Jersey,Oregon,164
New Mexico,Oregon,685
New York,Oregon,2028
North Carolina,Oregon,2106
North Dakota,Oregon,299
Ohio,Oregon,1720
Oklahoma,Oregon,800
Pennsylvania,Oregon,2018
Rhode Island,Oregon,189
South Carolina,Oregon,1378
South Dakota,Oregon,72
Tennessee,Oregon,1190
Texas,Oregon,4761
Utah,Oregon,1649
Vermont,Oregon,442
Virginia,Oregon,2329
Washington,Oregon,25055
West Virginia,Oregon,106
Wisconsin,Oregon,1591
Wyoming,Oregon,1021
Alabama,Pennsylvania,1663
Alaska,Pennsylvania,368
Arizona,Pennsylvania,2921
Arkansas,Pennsylvania,765
California,Pennsylvania,10249
Colorado,Pennsylvania,3115
Connecticut,Pennsylvania,5967
Delaware,Pennsylvania,7615
District of Columbia ,Pennsylvania,1487
Florida,Pennsylvania,14676
Georgia,Pennsylvania,3600
Hawaii,Pennsylvania,524
Idaho,Pennsylvania,879
Illinois,Pennsylvania,4054
Indiana,Pennsylvania,2227
Iowa,Pennsylvania,506
Kansas,Pennsylvania,998
Kentucky,Pennsylvania,1855
Louisiana,Pennsylvania,199
Maine,Pennsylvania,963
Maryland,Pennsylvania,17424
Massachusetts,Pennsylvania,5285
Michigan,Pennsylvania,3274
Minnesota,Pennsylvania,1799
Mississippi,Pennsylvania,1560
Missouri,Pennsylvania,972
Montana,Pennsylvania,259
Nebraska,Pennsylvania,82
Nevada,Pennsylvania,1057
New Hampshire,Pennsylvania,1685
New Jersey,Pennsylvania,41578
New Mexico,Pennsylvania,658
New York,Pennsylvania,32857
North Carolina,Pennsylvania,7228
North Dakota,Pennsylvania,345
Ohio,Pennsylvania,13453
Oklahoma,Pennsylvania,776
Oregon,Pennsylvania,1168
Rhode Island,Pennsylvania,896
South Carolina,Pennsylvania,3263
South Dakota,Pennsylvania,223
Tennessee,Pennsylvania,1979
Texas,Pennsylvania,7490
Utah,Pennsylvania,2073
Vermont,Pennsylvania,785
Virginia,Pennsylvania,11249
Washington,Pennsylvania,1056
West Virginia,Pennsylvania,5173
Wisconsin,Pennsylvania,1731
Wyoming,Pennsylvania,674
Alabama,Rhode Island,39
Alaska,Rhode Island,93
Arizona,Rhode Island,647
Arkansas,Rhode Island,0
California,Rhode Island,1879
Colorado,Rhode Island,285
Connecticut,Rhode Island,3861
Delaware,Rhode Island,0
District of Columbia ,Rhode Island,6
Florida,Rhode Island,4363
Georgia,Rhode Island,191
Hawaii,Rhode Island,18
Idaho,Rhode Island,244
Illinois,Rhode Island,265
Indiana,Rhode Island,53
Iowa,Rhode Island,0
Kansas,Rhode Island,169
Kentucky,Rhode Island,118
Louisiana,Rhode Island,60
Maine,Rhode Island,422
Maryland,Rhode Island,500
Massachusetts,Rhode Island,12652
Michigan,Rhode Island,61
Minnesota,Rhode Island,58
Mississippi,Rhode Island,37
Missouri,Rhode Island,355
Montana,Rhode Island,0
Nebraska,Rhode Island,0
Nevada,Rhode Island,58
New Hampshire,Rhode Island,690
New Jersey,Rhode Island,1380
New Mexico,Rhode Island,0
New York,Rhode Island,2951
North Carolina,Rhode Island,1140
North Dakota,Rhode Island,0
Ohio,Rhode Island,274
Oklahoma,Rhode Island,0
Oregon,Rhode Island,394
Pennsylvania,Rhode Island,1040
South Carolina,Rhode Island,445
South Dakota,Rhode Island,0
Tennessee,Rhode Island,908
Texas,Rhode Island,1164
Utah,Rhode Island,427
Vermont,Rhode Island,78
Virginia,Rhode Island,356
Washington,Rhode Island,636
West Virginia,Rhode Island,27
Wisconsin,Rhode Island,0
Wyoming,Rhode Island,0
Alabama,South Carolina,1854
Alaska,South Carolina,250
Arizona,South Carolina,900
Arkansas,South Carolina,1612
California,South Carolina,5915
Colorado,South Carolina,2725
Connecticut,South Carolina,3355
Delaware,South Carolina,214
District of Columbia ,South Carolina,262
Florida,South Carolina,16323
Georgia,South Carolina,15548
Hawaii,South Carolina,602
Idaho,South Carolina,285
Illinois,South Carolina,4051
Indiana,South Carolina,2033
Iowa,South Carolina,1036
Kansas,South Carolina,676
Kentucky,South Carolina,3007
Louisiana,South Carolina,1751
Maine,South Carolina,1006
Maryland,South Carolina,4963
Massachusetts,South Carolina,3002
Michigan,South Carolina,3496
Minnesota,South Carolina,987
Mississippi,South Carolina,1309
Missouri,South Carolina,2086
Montana,South Carolina,198
Nebraska,South Carolina,195
Nevada,South Carolina,659
New Hampshire,South Carolina,566
New Jersey,South Carolina,4951
New Mexico,South Carolina,177
New York,South Carolina,9301
North Carolina,South Carolina,31369
North Dakota,South Carolina,189
Ohio,South Carolina,6694
Oklahoma,South Carolina,705
Oregon,South Carolina,560
Pennsylvania,South Carolina,9489
Rhode Island,South Carolina,628
South Dakota,South Carolina,70
Tennessee,South Carolina,5542
Texas,South Carolina,5987
Utah,South Carolina,1243
Vermont,South Carolina,388
Virginia,South Carolina,8736
Washington,South Carolina,751
West Virginia,South Carolina,1498
Wisconsin,South Carolina,1222
Wyoming,South Carolina,0
Alabama,South Dakota,14
Alaska,South Dakota,289
Arizona,South Dakota,1240
Arkansas,South Dakota,486
California,South Dakota,1340
Colorado,South Dakota,1200
Connecticut,South Dakota,32
Delaware,South Dakota,0
District of Columbia ,South Dakota,0
Florida,South Dakota,263
Georgia,South Dakota,268
Hawaii,South Dakota,0
Idaho,South Dakota,92
Illinois,South Dakota,1075
Indiana,South Dakota,157
Iowa,South Dakota,2290
Kansas,South Dakota,308
Kentucky,South Dakota,31
Louisiana,South Dakota,0
Maine,South Dakota,0
Maryland,South Dakota,207
Massachusetts,South Dakota,0
Michigan,South Dakota,190
Minnesota,South Dakota,3878
Mississippi,South Dakota,10
Missouri,South Dakota,440
Montana,South Dakota,391
Nebraska,South Dakota,2606
Nevada,South Dakota,353
New Hampshire,South Dakota,0
New Jersey,South Dakota,36
New Mexico,South Dakota,28
New York,South Dakota,0
North Carolina,South Dakota,366
North Dakota,South Dakota,2669
Ohio,South Dakota,29
Oklahoma,South Dakota,219
Oregon,South Dakota,54
Pennsylvania,South Dakota,84
Rhode Island,South Dakota,0
South Carolina,South Dakota,1138
Tennessee,South Dakota,404
Texas,South Dakota,1742
Utah,South Dakota,591
Vermont,South Dakota,0
Virginia,South Dakota,358
Washington,South Dakota,126
West Virginia,South Dakota,0
Wisconsin,South Dakota,532
Wyoming,South Dakota,1426
Alabama,Tennessee,10291
Alaska,Tennessee,624
Arizona,Tennessee,2513
Arkansas,Tennessee,6071
California,Tennessee,10032
Colorado,Tennessee,1722
Connecticut,Tennessee,995
Delaware,Tennessee,317
District of Columbia ,Tennessee,417
Florida,Tennessee,17853
Georgia,Tennessee,13585
Hawaii,Tennessee,1124
Idaho,Tennessee,354
Illinois,Tennessee,6764
Indiana,Tennessee,7128
Iowa,Tennessee,1153
Kansas,Tennessee,3227
Kentucky,Tennessee,14772
Louisiana,Tennessee,2784
Maine,Tennessee,943
Maryland,Tennessee,2664
Massachusetts,Tennessee,4061
Michigan,Tennessee,6454
Minnesota,Tennessee,1667
Mississippi,Tennessee,9473
Missouri,Tennessee,2620
Montana,Tennessee,135
Nebraska,Tennessee,1850
Nevada,Tennessee,954
New Hampshire,Tennessee,454
New Jersey,Tennessee,1549
New Mexico,Tennessee,340
New York,Tennessee,6972
North Carolina,Tennessee,11838
North Dakota,Tennessee,727
Ohio,Tennessee,6802
Oklahoma,Tennessee,2580
Oregon,Tennessee,522
Pennsylvania,Tennessee,2472
Rhode Island,Tennessee,455
South Carolina,Tennessee,4148
South Dakota,Tennessee,519
Texas,Tennessee,11934
Utah,Tennessee,1097
Vermont,Tennessee,1397
Virginia,Tennessee,6382
Washington,Tennessee,485
West Virginia,Tennessee,1044
Wisconsin,Tennessee,1480
Wyoming,Tennessee,179
Alabama,Texas,7167
Alaska,Texas,2573
Arizona,Texas,16067
Arkansas,Texas,14539
California,Texas,65546
Colorado,Texas,22587
Connecticut,Texas,3973
Delaware,Texas,2051
District of Columbia ,Texas,1423
Florida,Texas,33670
Georgia,Texas,20924
Hawaii,Texas,3342
Idaho,Texas,995
Illinois,Texas,21927
Indiana,Texas,9413
Iowa,Texas,5874
Kansas,Texas,9952
Kentucky,Texas,4884
Louisiana,Texas,31044
Maine,Texas,1144
Maryland,Texas,10839
Massachusetts,Texas,8279
Michigan,Texas,13919
Minnesota,Texas,4956
Mississippi,Texas,13476
Missouri,Texas,17273
Montana,Texas,2210
Nebraska,Texas,4486
Nevada,Texas,7822
New Hampshire,Texas,1407
New Jersey,Texas,11141
New Mexico,Texas,16056
New York,Texas,26287
North Carolina,Texas,15869
North Dakota,Texas,976
Ohio,Texas,12077
Oklahoma,Texas,25555
Oregon,Texas,3906
Pennsylvania,Texas,12984
Rhode Island,Texas,1060
South Carolina,Texas,5617
South Dakota,Texas,762
Tennessee,Texas,13199
Utah,Texas,6583
Vermont,Texas,395
Virginia,Texas,18429
Washington,Texas,9155
West Virginia,Texas,2083
Wisconsin,Texas,4393
Wyoming,Texas,2743
Alabama,Utah,369
Alaska,Utah,1630
Arizona,Utah,7650
Arkansas,Utah,230
California,Utah,18154
Colorado,Utah,3964
Connecticut,Utah,295
Delaware,Utah,61
District of Columbia ,Utah,186
Florida,Utah,2383
Georgia,Utah,1032
Hawaii,Utah,2239
Idaho,Utah,6413
Illinois,Utah,1374
Indiana,Utah,501
Iowa,Utah,301
Kansas,Utah,692
Kentucky,Utah,220
Louisiana,Utah,268
Maine,Utah,152
Maryland,Utah,672
Massachusetts,Utah,1029
Michigan,Utah,575
Minnesota,Utah,519
Mississippi,Utah,1145
Missouri,Utah,1221
Montana,Utah,2115
Nebraska,Utah,264
Nevada,Utah,5073
New Hampshire,Utah,340
New Jersey,Utah,1078
New Mexico,Utah,1645
New York,Utah,1853
North Carolina,Utah,1648
North Dakota,Utah,254
Ohio,Utah,1623
Oklahoma,Utah,1214
Oregon,Utah,1838
Pennsylvania,Utah,2710
Rhode Island,Utah,0
South Carolina,Utah,323
South Dakota,Utah,496
Tennessee,Utah,1122
Texas,Utah,8698
Vermont,Utah,193
Virginia,Utah,1628
Washington,Utah,5426
West Virginia,Utah,138
Wisconsin,Utah,1798
Wyoming,Utah,2609
Alabama,Vermont,245
Alaska,Vermont,17
Arizona,Vermont,69
Arkansas,Vermont,0
California,Vermont,968
Colorado,Vermont,376
Connecticut,Vermont,1379
Delaware,Vermont,70
District of Columbia ,Vermont,286
Florida,Vermont,442
Georgia,Vermont,410
Hawaii,Vermont,0
Idaho,Vermont,79
Illinois,Vermont,265
Indiana,Vermont,0
Iowa,Vermont,97
Kansas,Vermont,18
Kentucky,Vermont,199
Louisiana,Vermont,138
Maine,Vermont,999
Maryland,Vermont,561
Massachusetts,Vermont,2840
Michigan,Vermont,765
Minnesota,Vermont,10
Mississippi,Vermont,0
Missouri,Vermont,0
Montana,Vermont,67
Nebraska,Vermont,0
Nevada,Vermont,0
New Hampshire,Vermont,2496
New Jersey,Vermont,1607
New Mexico,Vermont,83
New York,Vermont,3034
North Carolina,Vermont,326
North Dakota,Vermont,0
Ohio,Vermont,377
Oklahoma,Vermont,0
Oregon,Vermont,81
Pennsylvania,Vermont,327
Rhode Island,Vermont,750
South Carolina,Vermont,118
South Dakota,Vermont,54
Tennessee,Vermont,435
Texas,Vermont,144
Utah,Vermont,175
Virginia,Vermont,274
Washington,Vermont,636
West Virginia,Vermont,0
Wisconsin,Vermont,0
Wyoming,Vermont,15
Alabama,Virginia,2888
Alaska,Virginia,1221
Arizona,Virginia,2181
Arkansas,Virginia,856
California,Virginia,24500
Colorado,Virginia,3804
Connecticut,Virginia,3594
Delaware,Virginia,1199
District of Columbia ,Virginia,10969
Florida,Virginia,23691
Georgia,Virginia,9628
Hawaii,Virginia,1912
Idaho,Virginia,272
Illinois,Virginia,9699
Indiana,Virginia,2442
Iowa,Virginia,1204
Kansas,Virginia,1724
Kentucky,Virginia,2802
Louisiana,Virginia,3993
Maine,Virginia,1548
Maryland,Virginia,28155
Massachusetts,Virginia,3632
Michigan,Virginia,3421
Minnesota,Virginia,2788
Mississippi,Virginia,1920
Missouri,Virginia,3048
Montana,Virginia,27
Nebraska,Virginia,971
Nevada,Virginia,639
New Hampshire,Virginia,865
New Jersey,Virginia,9447
New Mexico,Virginia,973
New York,Virginia,18267
North Carolina,Virginia,18298
North Dakota,Virginia,214
Ohio,Virginia,5961
Oklahoma,Virginia,2219
Oregon,Virginia,135
Pennsylvania,Virginia,13379
Rhode Island,Virginia,1623
South Carolina,Virginia,8906
South Dakota,Virginia,216
Tennessee,Virginia,9637
Texas,Virginia,16685
Utah,Virginia,1763
Vermont,Virginia,680
Washington,Virginia,4134
West Virginia,Virginia,7673
Wisconsin,Virginia,1645
Wyoming,Virginia,267
Alabama,Washington,580
Alaska,Washington,3911
Arizona,Washington,9860
Arkansas,Washington,1146
California,Washington,45609
Colorado,Washington,7258
Connecticut,Washington,586
Delaware,Washington,39
District of Columbia ,Washington,407
Florida,Washington,10822
Georgia,Washington,5415
Hawaii,Washington,4386
Idaho,Washington,10311
Illinois,Washington,5794
Indiana,Washington,1611
Iowa,Washington,1002
Kansas,Washington,2728
Kentucky,Washington,875
Louisiana,Washington,632
Maine,Washington,655
Maryland,Washington,3844
Massachusetts,Washington,2600
Michigan,Washington,2578
Minnesota,Washington,3503
Mississippi,Washington,916
Missouri,Washington,2535
Montana,Washington,4936
Nebraska,Washington,301
Nevada,Washington,4820
New Hampshire,Washington,681
New Jersey,Washington,3214
New Mexico,Washington,878
New York,Washington,4983
North Carolina,Washington,3105
North Dakota,Washington,1283
Ohio,Washington,2654
Oklahoma,Washington,3736
Oregon,Washington,32570
Pennsylvania,Washington,2857
Rhode Island,Washington,116
South Carolina,Washington,2469
South Dakota,Washington,457
Tennessee,Washington,2794
Texas,Washington,12829
Utah,Washington,5827
Vermont,Washington,180
Virginia,Washington,5901
West Virginia,Washington,1098
Wisconsin,Washington,2860
Wyoming,Washington,755
Alabama,West Virginia,240
Alaska,West Virginia,0
Arizona,West Virginia,0
Arkansas,West Virginia,7
California,West Virginia,875
Colorado,West Virginia,491
Connecticut,West Virginia,570
Delaware,West Virginia,231
District of Columbia ,West Virginia,460
Florida,West Virginia,2867
Georgia,West Virginia,777
Hawaii,West Virginia,0
Idaho,West Virginia,45
Illinois,West Virginia,349
Indiana,West Virginia,747
Iowa,West Virginia,8
Kansas,West Virginia,103
Kentucky,West Virginia,1871
Louisiana,West Virginia,0
Maine,West Virginia,156
Maryland,West Virginia,5308
Massachusetts,West Virginia,126
Michigan,West Virginia,524
Minnesota,West Virginia,371
Mississippi,West Virginia,249
Missouri,West Virginia,367
Montana,West Virginia,0
Nebraska,West Virginia,0
Nevada,West Virginia,0
New Hampshire,West Virginia,0
New Jersey,West Virginia,221
New Mexico,West Virginia,161
New York,West Virginia,285
North Carolina,West Virginia,1846
North Dakota,West Virginia,0
Ohio,West Virginia,6802
Oklahoma,West Virginia,177
Oregon,West Virginia,348
Pennsylvania,West Virginia,3925
Rhode Island,West Virginia,123
South Carolina,West Virginia,1166
South Dakota,West Virginia,0
Tennessee,West Virginia,968
Texas,West Virginia,967
Utah,West Virginia,483
Vermont,West Virginia,147
Virginia,West Virginia,7400
Washington,West Virginia,223
Wisconsin,West Virginia,94
Wyoming,West Virginia,0
Alabama,Wisconsin,322
Alaska,Wisconsin,188
Arizona,Wisconsin,2540
Arkansas,Wisconsin,289
California,Wisconsin,5230
Colorado,Wisconsin,1568
Connecticut,Wisconsin,1104
Delaware,Wisconsin,88
District of Columbia ,Wisconsin,649
Florida,Wisconsin,2589
Georgia,Wisconsin,2202
Hawaii,Wisconsin,384
Idaho,Wisconsin,302
Illinois,Wisconsin,23233
Indiana,Wisconsin,2266
Iowa,Wisconsin,5822
Kansas,Wisconsin,996
Kentucky,Wisconsin,728
Louisiana,Wisconsin,1015
Maine,Wisconsin,46
Maryland,Wisconsin,895
Massachusetts,Wisconsin,869
Michigan,Wisconsin,4897
Minnesota,Wisconsin,19812
Mississippi,Wisconsin,684
Missouri,Wisconsin,1850
Montana,Wisconsin,174
Nebraska,Wisconsin,587
Nevada,Wisconsin,692
New Hampshire,Wisconsin,82
New Jersey,Wisconsin,1142
New Mexico,Wisconsin,187
New York,Wisconsin,2293
North Carolina,Wisconsin,1525
North Dakota,Wisconsin,561
Ohio,Wisconsin,1705
Oklahoma,Wisconsin,1432
Oregon,Wisconsin,1064
Pennsylvania,Wisconsin,1660
Rhode Island,Wisconsin,69
South Carolina,Wisconsin,324
South Dakota,Wisconsin,243
Tennessee,Wisconsin,2261
Texas,Wisconsin,4665
Utah,Wisconsin,468
Vermont,Wisconsin,14
Virginia,Wisconsin,2066
Washington,Wisconsin,2129
West Virginia,Wisconsin,8
Wyoming,Wisconsin,592
Alabama,Wyoming,253
Alaska,Wyoming,263
Arizona,Wyoming,1196
Arkansas,Wyoming,197
California,Wyoming,2350
Colorado,Wyoming,9132
Connecticut,Wyoming,271
Delaware,Wyoming,0
District of Columbia ,Wyoming,29
Florida,Wyoming,109
Georgia,Wyoming,438
Hawaii,Wyoming,80
Idaho,Wyoming,1414
Illinois,Wyoming,398
Indiana,Wyoming,134
Iowa,Wyoming,251
Kansas,Wyoming,2
Kentucky,Wyoming,204
Louisiana,Wyoming,314
Maine,Wyoming,790
Maryland,Wyoming,10
Massachusetts,Wyoming,0
Michigan,Wyoming,48
Minnesota,Wyoming,788
Mississippi,Wyoming,0
Missouri,Wyoming,184
Montana,Wyoming,993
Nebraska,Wyoming,1742
Nevada,Wyoming,1021
New Hampshire,Wyoming,0
New Jersey,Wyoming,0
New Mexico,Wyoming,488
New York,Wyoming,191
North Carolina,Wyoming,44
North Dakota,Wyoming,501
Ohio,Wyoming,162
Oklahoma,Wyoming,130
Oregon,Wyoming,46
Pennsylvania,Wyoming,15
Rhode Island,Wyoming,6
South Carolina,Wyoming,27
South Dakota,Wyoming,1233
Tennessee,Wyoming,143
Texas,Wyoming,4587
Utah,Wyoming,3725
Vermont,Wyoming,6
Virginia,Wyoming,564
Washington,Wyoming,1051
West Virginia,Wyoming,0
Wisconsin,Wyoming,417
